Won,title_bout,delta_age,delta_Weight_lbs,delta_Reach_cms,delta_total_time_fought_seconds,delta_avg_SIG_STR_att,delta_avg_SIG_STR_landed,delta_avg_TD_att,delta_avg_TD_landed,delta_avg_opp_SIG_STR_att,delta_avg_opp_SIG_STR_landed,delta_avg_opp_TD_att,delta_avg_opp_TD_landed,delta_avg_opp_TOTAL_STR_att,delta_avg_opp_TOTAL_STR_landed,delta_Wrestling,delta_Jiu-Jitsu,delta_Kickboxing,delta_Boxing,delta_Karate,delta_Judo,delta_MMA
0,0,4.00,0.00,7.62,161.17,36.85,12.85,-0.35,-0.15,-1.82,-7.85,-2.94,-1.99,-7.52,-13.16,0.00,-1.00,0.00,0.00,1.00,0.00,0.00
0,0,12.00,0.00,0.00,204.28,41.78,4.50,-5.78,-2.78,30.33,-7.11,3.50,1.39,40.06,1.83,0.00,0.00,0.00,0.00,0.00,0.00,0.00
0,1,5.00,0.00,-5.08,-170.28,-41.56,-24.06,-7.56,-4.03,20.00,1.28,1.72,0.08,24.33,6.03,0.00,1.00,0.00,1.00,0.00,0.00,0.00
1,0,10.00,0.00,-5.08,429.15,78.10,26.15,4.26,0.31,68.43,25.85,1.74,0.84,81.32,38.41,0.00,0.00,-1.00,-1.00,0.00,0.00,0.00
1,0,11.00,0.00,-2.54,-121.75,-148.12,-47.75,3.75,2.75,-83.12,-47.12,-0.75,0.12,-59.38,-25.00,0.00,0.00,-1.00,1.00,1.00,0.00,1.00
1,0,-5.00,-15.00,-12.70,941.60,165.40,23.40,-2.10,-0.70,176.40,67.10,-1.20,-1.00,161.20,53.10,0.00,-1.00,0.00,0.00,0.00,1.00,0.00
1,0,-6.00,0.00,-5.08,-479.00,-42.75,12.25,3.50,0.75,-90.75,-17.00,-3.00,-1.25,-99.75,-23.25,0.00,-1.00,-1.00,-1.00,1.00,0.00,0.00
1,0,0.00,0.00,2.54,-291.56,-87.12,-34.37,0.69,0.52,-45.85,-19.40,-1.81,0.04,-43.36,-17.42,0.00,1.00,0.00,0.00,0.00,0.00,0.00
1,0,3.00,0.00,-5.08,320.58,-8.92,-10.67,-0.33,0.00,36.08,17.75,3.17,0.00,52.58,31.17,0.00,0.00,0.00,0.00,0.00,0.00,0.00
1,0,4.00,0.00,-15.24,367.69,94.94,45.44,6.38,1.88,57.75,15.38,3.62,0.62,48.56,5.38,0.00,0.00,0.00,0.00,0.00,0.00,0.00
1,1,-1.00,0.00,0.00,213.00,-23.04,8.13,4.14,1.93,-7.03,-3.79,0.99,-0.04,6.64,6.89,-1.00,-1.00,0.00,0.00,0.00,1.00,0.00
0,0,-3.00,0.00,15.24,-170.55,0.55,-4.45,-0.27,-0.09,0.91,-7.64,-0.64,-0.18,-4.82,-11.73,0.00,0.00,-1.00,1.00,-1.00,0.00,0.00
1,0,-14.00,0.00,7.62,162.05,53.86,26.61,0.57,-0.14,31.09,2.48,6.55,0.68,10.45,-15.59,0.00,-1.00,0.00,1.00,-1.00,0.00,0.00
0,0,-4.00,0.00,-10.16,-138.42,3.12,3.42,-0.75,-1.62,18.67,12.04,-0.21,1.29,6.71,2.21,-1.00,-1.00,0.00,0.00,1.00,0.00,0.00
1,0,-2.00,0.00,-2.54,247.15,-52.15,-16.80,0.25,0.00,1.80,0.35,2.75,2.05,22.05,14.85,1.00,0.00,-1.00,0.00,0.00,0.00,0.00
1,0,-10.00,0.00,-2.54,-570.50,-127.50,-28.00,-3.50,-2.00,-82.50,-13.50,-2.50,-0.50,-113.00,-39.50,1.00,0.00,1.00,1.00,0.00,0.00,0.00
0,0,2.00,0.00,-2.54,262.47,8.58,-17.69,-5.12,-1.74,76.21,24.77,1.42,-0.54,90.01,36.23,-1.00,0.00,0.00,0.00,0.00,0.00,0.00
0,0,-4.00,0.00,-7.62,188.82,40.13,9.35,0.68,-0.03,44.32,6.58,2.42,0.93,49.45,10.82,1.00,-1.00,-1.00,0.00,0.00,0.00,0.00
1,0,-5.00,0.00,15.24,-354.34,-45.79,-23.34,-5.73,-1.70,-32.77,-17.88,-2.07,-1.39,-49.18,-32.52,-1.00,1.00,1.00,0.00,0.00,0.00,0.00
0,0,-6.00,14.00,5.08,-759.25,-141.25,-29.00,0.50,0.00,-150.50,-67.50,0.50,0.00,-145.00,-62.25,0.00,0.00,0.00,1.00,0.00,-1.00,0.00
0,0,8.00,0.00,-5.08,84.11,60.86,19.81,0.28,-0.14,41.58,30.58,-0.72,-1.22,38.03,28.14,0.00,0.00,1.00,-1.00,0.00,0.00,0.00
0,0,0.00,0.00,12.70,-259.40,-28.10,-23.10,0.70,0.10,-10.20,-1.80,-2.50,-2.00,-64.20,-48.80,1.00,0.00,-1.00,1.00,0.00,0.00,0.00
0,0,5.00,-15.00,-17.78,80.19,-91.86,-60.86,-1.19,-0.62,-119.86,-63.24,-2.62,-0.38,-119.05,-62.81,-1.00,0.00,0.00,0.00,0.00,1.00,0.00
0,1,-2.00,0.00,-22.86,-114.17,-9.46,-15.70,0.69,0.64,-4.93,5.39,-3.57,0.44,-0.33,9.67,1.00,1.00,-1.00,0.00,0.00,0.00,0.00
0,0,3.00,0.00,12.70,71.25,-53.25,-41.55,0.50,0.35,-112.60,-60.35,1.30,0.25,-100.30,-48.90,-1.00,1.00,1.00,0.00,0.00,0.00,0.00
0,0,0.00,0.00,5.08,99.96,122.58,29.96,-1.79,-1.54,76.62,27.42,3.21,-0.04,66.58,19.88,0.00,-1.00,0.00,0.00,-1.00,0.00,0.00
1,0,14.00,0.00,2.54,12.58,-51.80,-12.16,1.01,0.11,21.74,5.74,1.21,0.70,25.05,8.91,0.00,1.00,-1.00,1.00,1.00,-1.00,0.00
1,0,-3.00,25.00,0.00,139.65,5.08,12.22,-2.01,-0.86,2.43,0.43,0.14,-0.53,0.42,-2.59,0.00,-1.00,1.00,0.00,0.00,-1.00,0.00
1,0,0.00,0.00,2.54,0.00,-179.00,-68.00,1.00,1.00,-282.00,-68.00,15.00,0.00,-220.00,-10.00,-1.00,1.00,0.00,0.00,-1.00,0.00,0.00
0,0,-3.00,0.00,0.00,338.50,103.17,26.17,-3.33,-3.17,135.17,41.33,6.33,2.00,117.83,33.83,-1.00,-1.00,-1.00,1.00,0.00,0.00,0.00
1,1,0.00,10.00,5.08,-345.12,-37.53,-18.76,-0.43,-0.36,-71.14,-20.81,-2.57,-0.81,-82.12,-29.92,0.00,1.00,1.00,0.00,1.00,1.00,0.00
0,0,10.00,0.00,2.54,115.52,45.42,14.32,-0.97,-0.18,-10.97,-1.48,-0.73,-0.02,-10.92,-2.80,0.00,0.00,0.00,0.00,1.00,-1.00,0.00
0,0,9.00,0.00,-10.16,24.70,-34.49,-24.51,-0.17,-1.78,14.42,4.74,1.19,0.41,18.77,8.59,-1.00,1.00,0.00,0.00,0.00,0.00,0.00
1,0,-1.00,0.00,-2.54,426.00,77.00,40.75,4.25,0.25,90.75,26.00,-1.25,-1.00,102.75,37.25,0.00,1.00,0.00,-1.00,0.00,0.00,0.00
0,0,12.00,0.00,2.54,-248.22,-65.20,-26.52,2.12,0.51,-43.22,-13.86,-3.88,-1.69,-45.92,-16.22,0.00,0.00,1.00,-1.00,0.00,1.00,0.00
0,0,6.00,0.00,-10.16,86.09,-8.75,-5.41,2.12,0.84,-19.91,-11.00,-3.59,-0.05,-4.84,3.27,1.00,1.00,0.00,0.00,0.00,0.00,0.00
0,0,3.00,0.00,-2.54,255.69,92.73,27.62,-4.89,-1.66,46.15,16.12,2.87,2.52,52.44,22.99,0.00,-1.00,0.00,0.00,0.00,0.00,0.00
0,0,2.00,0.00,0.00,-397.70,-35.42,-19.25,-0.64,-0.37,-16.65,-0.40,-2.10,-0.31,-18.01,-1.77,-1.00,0.00,-1.00,1.00,-1.00,0.00,0.00
1,0,0.00,-20.00,-20.32,426.00,36.00,25.00,4.00,2.00,88.00,38.00,-1.00,-3.00,105.00,50.00,0.00,0.00,1.00,0.00,1.00,0.00,0.00
0,0,6.00,0.00,2.54,-388.67,13.67,1.67,-2.67,0.33,-3.33,8.00,0.67,0.33,-19.67,-10.00,-1.00,1.00,0.00,0.00,0.00,-1.00,0.00
1,0,-3.00,0.00,10.16,-125.00,22.20,6.00,2.00,1.50,-18.80,2.70,-2.20,-0.20,-26.10,-5.00,0.00,0.00,0.00,-1.00,0.00,-1.00,0.00
0,0,-1.00,0.00,7.62,-213.68,-31.85,-18.75,2.32,0.88,-46.85,-19.02,-3.87,-2.17,-55.83,-27.22,1.00,0.00,-1.00,0.00,0.00,0.00,0.00
0,0,-1.00,0.00,-5.08,63.75,14.25,32.38,2.38,1.50,20.75,13.38,-0.38,-0.12,15.88,9.38,0.00,0.00,0.00,0.00,0.00,0.00,0.00
0,0,4.00,0.00,-12.70,116.67,-31.32,-11.55,5.58,2.11,-4.59,3.11,1.16,1.57,15.07,20.32,1.00,0.00,-1.00,0.00,0.00,0.00,0.00
1,0,-3.00,0.00,10.16,-98.31,7.64,6.28,-3.60,-1.29,3.81,2.86,4.04,0.33,4.08,3.89,0.00,-1.00,0.00,0.00,0.00,0.00,0.00
0,0,6.00,0.00,17.78,251.08,-15.58,-10.50,1.08,0.58,17.92,5.75,-0.42,0.17,38.17,22.83,0.00,0.00,0.00,-1.00,1.00,0.00,0.00
0,0,9.00,-10.00,-10.16,-181.30,-13.93,-7.44,0.63,-0.10,-30.33,-6.41,-0.46,-0.66,-46.41,-18.86,1.00,0.00,0.00,1.00,0.00,0.00,0.00
1,0,-1.00,0.00,0.00,94.69,33.91,19.91,-2.29,0.46,73.17,30.69,0.06,0.31,90.97,45.06,-1.00,0.00,1.00,0.00,0.00,0.00,0.00
0,0,11.00,0.00,0.00,-124.44,-47.38,-12.90,-7.99,-4.60,-18.82,-8.17,0.33,-0.27,-22.63,-12.06,-1.00,0.00,1.00,0.00,0.00,0.00,0.00
0,0,14.00,-24.00,5.08,269.22,17.06,-4.56,-0.24,0.28,33.32,14.10,1.32,0.40,43.58,22.12,0.00,1.00,0.00,-1.00,0.00,1.00,0.00
0,0,-5.00,0.00,0.00,0.00,-101.67,-56.67,0.33,0.33,4.33,14.00,-3.67,-0.33,-55.33,-39.67,1.00,0.00,0.00,1.00,-1.00,0.00,0.00
1,0,4.00,0.00,-12.70,96.72,-9.31,-1.22,-0.14,0.25,8.39,1.58,-0.19,0.00,10.19,2.47,0.00,0.00,1.00,-1.00,0.00,1.00,0.00
1,0,9.00,0.00,-2.54,157.77,-28.18,-21.77,-2.00,-0.86,10.59,-2.55,0.36,-0.23,17.95,4.50,1.00,0.00,0.00,0.00,1.00,0.00,0.00
0,0,-1.00,0.00,0.00,-32.50,-10.25,0.25,-2.25,-2.17,-0.83,10.17,2.25,2.00,5.17,15.42,-1.00,-1.00,1.00,-1.00,1.00,0.00,0.00
1,0,4.00,0.00,0.00,-158.00,30.00,30.33,-4.33,-3.00,30.00,-0.33,1.67,0.67,-19.67,-47.67,1.00,1.00,1.00,0.00,0.00,0.00,0.00
0,0,17.00,0.00,-20.32,129.87,-22.47,-13.07,-6.93,-3.33,5.27,8.00,3.00,0.40,27.80,26.67,-1.00,0.00,1.00,0.00,0.00,0.00,0.00
0,0,3.00,-10.00,-17.78,0.00,-16.33,-19.83,1.00,0.33,-9.67,-35.00,-2.00,-1.67,-27.83,-51.50,1.00,0.00,-1.00,0.00,0.00,0.00,0.00
1,0,-8.00,0.00,12.70,231.25,6.25,-3.50,-1.00,0.00,-2.50,-2.00,-3.50,0.25,2.50,1.00,1.00,1.00,0.00,0.00,0.00,0.00,0.00
1,1,10.00,30.00,-7.62,543.57,40.17,21.90,3.47,1.50,20.13,13.40,1.07,0.60,30.23,23.00,1.00,0.00,-1.00,0.00,0.00,0.00,0.00
1,1,7.00,0.00,-10.16,377.28,17.39,5.19,3.74,1.26,41.53,11.43,2.51,0.28,44.83,13.78,1.00,-1.00,-1.00,0.00,0.00,0.00,0.00
0,0,9.00,0.00,-2.54,423.18,39.77,25.30,7.42,2.88,2.42,-17.52,-0.92,-0.67,-2.55,-20.03,1.00,0.00,1.00,1.00,0.00,0.00,0.00
0,0,11.00,-19.00,-7.62,-232.93,-79.47,-48.33,1.20,-0.40,-33.87,-7.00,-4.47,-0.07,-33.73,-6.33,1.00,1.00,0.00,0.00,-1.00,1.00,0.00
1,0,-1.00,0.00,-2.54,179.83,95.00,37.17,-2.17,-1.00,55.83,21.83,4.00,0.17,44.17,12.67,0.00,-1.00,0.00,0.00,0.00,0.00,0.00
1,1,-1.00,0.00,0.00,146.57,-17.10,1.83,7.74,3.98,-39.03,-17.63,-1.97,-0.28,-33.13,-13.47,0.00,0.00,0.00,0.00,0.00,1.00,0.00
1,0,2.00,0.00,2.54,345.08,27.96,12.58,-0.96,0.00,18.75,0.92,3.12,0.08,28.04,9.83,0.00,0.00,-1.00,0.00,0.00,0.00,0.00
0,0,-4.00,0.00,-15.24,236.80,90.90,56.40,4.70,2.80,37.60,-1.00,-1.50,-1.20,32.60,-4.90,1.00,0.00,0.00,0.00,0.00,-1.00,0.00
1,0,-9.00,0.00,15.24,-156.78,11.14,-3.47,-1.49,-0.70,9.62,2.62,-0.03,0.07,-10.66,-14.23,-1.00,1.00,-1.00,1.00,0.00,0.00,0.00
0,0,-3.00,0.00,-5.08,-293.81,-77.78,-31.44,2.94,1.38,-74.87,-15.16,-2.89,-1.17,-54.79,5.60,1.00,-1.00,0.00,0.00,0.00,0.00,0.00
1,0,-2.00,0.00,5.08,-132.19,13.12,8.88,-0.48,1.20,4.51,23.25,0.88,-0.19,5.55,24.10,0.00,0.00,0.00,1.00,-1.00,0.00,0.00
0,1,-4.00,5.00,20.32,-197.77,-9.31,-3.10,0.70,0.10,-7.43,-11.86,-1.32,-0.33,-11.88,-16.36,0.00,0.00,0.00,1.00,0.00,0.00,0.00
1,0,2.00,0.00,-7.62,239.50,45.50,0.75,2.00,0.75,83.00,24.25,-4.25,1.00,56.75,-0.25,1.00,0.00,0.00,0.00,0.00,0.00,0.00
1,0,0.00,0.00,-7.62,433.50,75.50,15.00,0.00,0.00,-3.50,-4.00,3.00,1.00,44.00,37.50,-1.00,1.00,-1.00,0.00,0.00,0.00,0.00
0,0,5.00,0.00,2.54,-245.74,-35.51,-22.34,-1.46,-0.14,-15.94,-9.69,-0.63,-0.29,-35.03,-24.69,-1.00,1.00,0.00,-1.00,0.00,1.00,0.00
0,0,-4.00,0.00,-10.16,193.53,34.58,15.84,3.24,1.22,52.78,21.18,-1.09,0.84,46.29,16.07,0.00,0.00,-1.00,0.00,0.00,0.00,0.00
0,0,5.00,0.00,-7.62,-611.72,-91.90,-56.31,2.62,1.00,-91.51,-19.54,-10.54,-2.00,-93.26,-20.64,1.00,1.00,-1.00,0.00,0.00,0.00,0.00
0,0,-4.00,0.00,15.24,135.64,25.54,7.99,1.38,1.59,14.06,10.10,0.97,0.31,14.20,9.83,0.00,0.00,-1.00,0.00,0.00,-1.00,0.00
1,1,6.00,-25.00,-17.78,202.70,45.48,22.83,2.02,1.08,46.82,18.50,-1.65,-1.02,33.82,7.28,1.00,0.00,0.00,-1.00,0.00,0.00,0.00
1,0,4.00,0.00,12.70,491.40,64.20,16.07,1.27,0.73,69.27,32.20,1.67,0.20,71.60,34.87,1.00,1.00,1.00,0.00,0.00,0.00,0.00
1,0,4.00,0.00,0.00,179.75,23.75,7.71,0.04,0.07,30.38,8.87,-1.25,-0.41,38.23,15.76,0.00,1.00,0.00,0.00,0.00,0.00,0.00
1,1,-1.00,0.00,2.54,-83.91,-137.48,-60.68,3.39,1.82,-50.38,-8.65,-5.17,-0.55,-25.41,12.70,0.00,0.00,0.00,1.00,0.00,1.00,0.00
0,0,1.00,0.00,-2.54,-156.17,13.00,23.67,4.42,2.00,-22.92,-10.83,-4.00,-1.75,-34.08,-21.58,1.00,0.00,-1.00,1.00,0.00,0.00,0.00
0,0,6.00,0.00,-7.62,216.50,30.53,8.31,-0.29,-0.13,30.58,9.70,0.70,0.57,45.03,23.30,1.00,0.00,0.00,0.00,0.00,0.00,0.00
0,0,7.00,0.00,-2.54,-87.56,-2.36,2.78,-0.70,0.54,79.50,39.12,5.64,1.32,112.52,72.28,0.00,0.00,0.00,0.00,0.00,0.00,0.00
0,0,3.00,0.00,-12.70,-250.37,-64.22,-48.45,-3.80,-1.35,-18.40,-10.22,-2.32,-0.60,-8.34,-0.17,0.00,-1.00,-1.00,0.00,0.00,0.00,0.00
0,0,6.00,0.00,-15.24,-325.38,-77.85,-38.70,-5.63,-3.33,-28.12,-9.07,-0.47,-0.17,-33.72,-14.13,0.00,0.00,0.00,0.00,0.00,0.00,0.00
0,0,3.00,0.00,0.00,316.31,93.06,36.52,-2.98,-1.08,39.55,14.58,3.27,2.85,47.50,22.52,-1.00,-1.00,1.00,0.00,0.00,0.00,0.00
0,1,3.00,0.00,-2.54,56.80,36.50,26.60,-1.80,-0.50,15.30,-2.70,-0.40,-0.10,9.50,-8.20,1.00,0.00,0.00,-1.00,-1.00,-1.00,0.00
0,0,0.00,0.00,10.16,-26.12,17.11,7.85,3.55,1.00,-35.56,-15.72,1.00,0.55,-43.45,-22.58,-1.00,0.00,1.00,0.00,-1.00,0.00,0.00
0,0,4.00,0.00,7.62,80.26,-13.83,-5.56,0.40,-0.08,22.86,15.91,0.11,-0.14,27.80,21.16,0.00,0.00,0.00,1.00,-1.00,0.00,0.00
1,0,-2.00,0.00,-7.62,-230.02,10.69,11.69,-6.13,-1.41,12.31,1.57,-0.23,0.04,-3.83,-13.84,-1.00,0.00,1.00,-1.00,0.00,0.00,0.00
0,0,3.00,0.00,-15.24,-51.82,3.19,-2.27,-2.93,-1.70,58.84,20.73,1.21,1.08,63.53,25.39,-1.00,1.00,1.00,0.00,0.00,0.00,0.00
1,0,3.00,0.00,0.00,264.08,3.53,-6.86,8.41,3.74,25.33,10.79,-1.77,-0.26,33.32,17.55,1.00,0.00,-1.00,1.00,0.00,-1.00,0.00
1,0,10.00,0.00,-7.62,293.78,48.24,22.98,1.43,0.77,52.70,22.81,-0.08,0.41,65.77,35.02,0.00,0.00,1.00,-1.00,-1.00,0.00,0.00
1,0,2.00,10.00,12.70,258.58,115.18,54.75,-3.58,-0.68,28.47,8.05,5.40,-0.30,24.03,3.88,0.00,-1.00,0.00,0.00,-1.00,0.00,0.00
0,0,7.00,0.00,-12.70,-522.00,-135.50,-42.25,-1.25,-0.50,-62.50,-32.00,-1.25,-0.25,-68.25,-36.75,0.00,0.00,-1.00,1.00,0.00,0.00,0.00
0,1,0.00,-10.00,5.08,354.54,13.32,17.86,2.57,2.29,-10.79,1.24,5.01,1.71,16.12,24.54,0.00,0.00,0.00,0.00,1.00,0.00,0.00
0,0,2.00,10.00,-10.16,-232.87,-38.08,-15.50,0.68,1.67,-50.97,-28.90,-0.63,-0.58,-76.73,-51.40,0.00,-1.00,0.00,0.00,0.00,0.00,0.00
1,0,-9.00,0.00,-2.54,-37.06,-19.03,0.11,2.37,0.74,-18.23,-7.40,0.46,1.06,-19.57,-8.17,-1.00,0.00,0.00,-1.00,1.00,0.00,0.00
0,0,3.00,0.00,-10.16,215.50,52.33,17.67,2.17,0.83,40.17,6.17,-4.33,-4.00,12.83,-13.00,-1.00,0.00,0.00,0.00,0.00,1.00,0.00
1,0,-3.00,0.00,-2.54,362.00,18.50,5.25,-3.75,-0.75,52.50,4.25,7.00,1.75,95.25,39.75,-1.00,-1.00,-1.00,-1.00,-1.00,0.00,1.00
0,0,10.00,0.00,-7.62,-126.36,-41.03,-21.62,-4.65,-2.66,15.05,8.06,2.64,1.03,17.15,10.12,0.00,1.00,0.00,0.00,1.00,0.00,0.00
1,0,4.00,0.00,0.00,-1.16,-76.67,-25.22,-2.32,-0.48,-37.48,-12.80,-0.08,0.62,-27.20,-4.47,0.00,0.00,1.00,-1.00,0.00,0.00,0.00
1,0,3.00,20.00,2.54,-511.27,-28.33,-17.00,-3.50,-1.17,-44.20,-25.32,-0.55,-0.40,-44.83,-25.57,0.00,0.00,0.00,0.00,1.00,0.00,0.00
0,0,5.00,0.00,5.08,26.29,-6.48,-15.74,-2.87,-0.32,24.94,-6.81,-0.84,-1.67,16.63,-14.48,0.00,0.00,0.00,0.00,0.00,0.00,0.00
0,0,8.00,0.00,-7.62,470.50,65.50,38.75,-1.75,-0.50,77.00,28.75,0.75,0.25,116.75,63.00,0.00,-1.00,0.00,0.00,0.00,0.00,0.00
1,0,-14.00,0.00,-10.16,-263.00,-25.00,-6.00,-3.00,0.00,-79.00,-33.00,-1.00,0.00,-71.00,-25.00,0.00,1.00,1.00,0.00,0.00,0.00,0.00
1,0,-2.00,0.00,-7.62,-83.94,-63.31,-5.83,-0.74,1.00,-49.31,-20.80,-0.66,0.03,-51.74,-22.89,0.00,0.00,0.00,0.00,1.00,0.00,0.00
1,0,4.00,10.00,-2.54,-346.79,-99.46,-60.64,-0.14,-0.89,-71.93,-26.07,-2.39,0.39,-66.39,-20.14,0.00,0.00,-1.00,1.00,-1.00,0.00,0.00
1,1,0.00,0.00,-10.16,323.40,21.10,11.40,10.10,4.40,-16.10,-16.10,-1.00,-0.40,-18.30,-18.90,1.00,0.00,0.00,-1.00,0.00,1.00,0.00
1,0,-3.00,0.00,17.78,118.29,-10.05,-9.96,3.78,0.39,-2.55,0.20,-1.71,0.09,-5.90,-3.36,0.00,0.00,0.00,0.00,0.00,-1.00,0.00
1,0,-2.00,0.00,-15.24,225.27,107.37,75.17,-0.27,-0.20,226.23,111.70,-0.37,-0.93,226.77,111.30,1.00,-1.00,0.00,-1.00,0.00,0.00,0.00
0,0,3.00,25.00,-20.32,331.36,27.05,9.09,-1.76,-0.71,32.46,17.53,3.15,0.42,55.06,35.29,0.00,-1.00,1.00,0.00,0.00,-1.00,0.00
1,0,-1.00,0.00,5.08,-732.00,-230.00,-116.00,-4.00,-2.00,-257.50,-117.50,-6.50,-1.00,-268.50,-129.00,-1.00,-1.00,1.00,-1.00,0.00,0.00,1.00
0,0,3.00,0.00,-7.62,378.17,43.17,3.17,5.33,0.17,72.67,29.83,2.33,1.00,61.50,24.83,0.00,0.00,-1.00,0.00,0.00,0.00,0.00
1,0,-6.00,0.00,-5.08,-177.44,-69.25,-7.46,3.31,2.40,-47.46,-13.85,-2.49,0.05,-48.45,-16.00,0.00,1.00,0.00,1.00,0.00,0.00,0.00
1,1,11.00,0.00,0.00,-70.68,-4.12,-3.55,-0.77,-0.05,-14.32,-7.15,0.82,-0.41,-8.80,-2.33,1.00,1.00,-1.00,1.00,0.00,-1.00,0.00
0,0,2.00,5.00,2.54,-168.56,2.24,-1.38,-3.59,-0.73,-16.32,-5.92,0.43,-0.02,-8.53,0.32,-1.00,1.00,0.00,0.00,-1.00,1.00,0.00
0,0,-5.00,0.00,2.54,676.00,37.00,15.50,3.50,2.50,12.50,8.00,1.50,0.50,38.00,31.50,0.00,0.00,0.00,-1.00,0.00,0.00,0.00
1,0,0.00,15.00,2.54,-251.50,-107.50,-33.00,-0.50,0.00,-30.50,6.00,3.50,1.00,-23.00,14.50,0.00,-1.00,0.00,0.00,0.00,0.00,0.00
1,0,-7.00,0.00,7.62,65.46,29.97,8.01,0.56,-0.19,2.38,6.10,-0.48,-0.95,5.74,9.22,-1.00,-1.00,0.00,0.00,0.00,0.00,0.00
1,0,2.00,0.00,0.00,-237.45,-24.46,-13.23,-1.93,-1.14,-11.49,0.13,-0.81,-0.11,-21.35,-8.64,0.00,0.00,0.00,1.00,-1.00,0.00,0.00
1,0,-3.00,0.00,-2.54,-30.00,-80.60,-18.75,8.50,5.20,-18.65,-19.25,-6.55,-0.80,-24.00,-26.45,0.00,1.00,0.00,0.00,0.00,0.00,0.00
1,1,4.00,10.00,7.62,515.11,120.87,51.97,-2.27,-1.41,38.03,-0.57,7.90,1.20,40.13,2.19,0.00,-1.00,0.00,-1.00,0.00,0.00,0.00
1,1,-2.00,0.00,2.54,369.91,49.12,35.71,-1.18,-0.11,27.08,8.22,3.72,0.86,41.18,20.45,0.00,-1.00,0.00,-1.00,1.00,0.00,0.00
1,0,0.00,0.00,-7.62,166.30,-13.80,7.80,1.40,0.50,7.10,3.40,1.70,0.60,16.50,12.60,-1.00,0.00,-1.00,0.00,0.00,0.00,0.00
1,0,-6.00,-15.00,-5.08,-135.96,28.88,17.24,-2.84,-0.23,16.09,0.09,1.27,-0.60,-0.61,-14.68,0.00,-1.00,0.00,0.00,0.00,0.00,0.00
0,0,8.00,0.00,15.24,587.00,105.50,45.50,-0.50,-1.00,59.00,31.00,0.00,0.00,60.00,31.00,0.00,1.00,0.00,0.00,0.00,-1.00,0.00
0,0,0.00,0.00,2.54,-374.25,-47.50,-21.75,-10.00,-4.33,-18.17,-4.92,3.25,1.67,-14.92,-1.67,-1.00,0.00,-1.00,1.00,0.00,-1.00,0.00
1,0,-2.00,0.00,12.70,-46.19,-71.62,-28.57,0.57,0.14,-42.57,-11.81,1.24,-0.43,-52.67,-20.81,0.00,0.00,-1.00,0.00,0.00,0.00,0.00
1,0,11.00,0.00,-7.62,252.98,26.79,5.19,5.52,1.81,52.36,10.86,-0.45,-0.29,40.00,3.17,0.00,1.00,0.00,0.00,0.00,0.00,0.00
0,0,-6.00,15.00,-2.54,125.19,34.31,13.31,-1.81,-0.62,33.50,18.94,0.75,-0.25,25.50,10.25,1.00,0.00,1.00,0.00,0.00,-1.00,0.00
1,0,-3.00,15.00,2.54,40.74,3.47,3.26,-1.52,-0.69,10.37,9.31,3.29,1.38,11.62,9.31,-1.00,0.00,0.00,0.00,0.00,0.00,0.00
0,0,2.00,-34.00,-7.62,123.92,37.44,12.87,1.34,0.23,29.52,10.98,0.09,0.48,35.58,16.92,1.00,1.00,0.00,0.00,0.00,1.00,0.00
1,0,13.00,20.00,2.54,215.28,-9.42,-18.22,3.72,2.17,5.58,-8.14,1.53,-0.44,9.22,-5.53,1.00,0.00,-1.00,0.00,-1.00,0.00,0.00
0,0,-11.00,-5.00,17.78,-180.46,-15.95,-2.21,0.16,-0.14,-48.58,-26.30,0.87,0.93,-59.60,-34.92,0.00,0.00,-1.00,1.00,0.00,0.00,0.00
0,0,-2.00,0.00,-12.70,180.57,38.66,27.43,0.71,1.94,4.89,-1.94,1.11,-1.03,8.23,1.77,0.00,0.00,1.00,0.00,0.00,0.00,0.00
0,0,-2.00,0.00,0.00,261.36,35.19,21.29,-2.23,-1.26,36.52,21.98,1.44,-0.10,40.11,25.47,1.00,0.00,0.00,0.00,1.00,1.00,0.00
1,0,2.00,10.00,12.70,387.69,43.10,0.31,0.12,-0.10,-0.19,0.19,1.83,0.55,-0.21,2.14,-1.00,0.00,1.00,0.00,-1.00,0.00,0.00
0,0,0.00,10.00,0.00,180.84,-44.53,-1.84,-0.07,0.43,18.55,16.70,2.83,0.32,54.59,50.97,0.00,0.00,-1.00,0.00,0.00,0.00,0.00
1,0,-12.00,-13.00,20.32,274.83,22.39,22.39,-0.56,0.17,2.56,-4.94,6.28,0.39,14.67,3.72,0.00,-1.00,1.00,-1.00,0.00,0.00,0.00
0,0,-2.00,0.00,2.54,-238.07,-26.77,-17.70,0.63,-0.13,17.97,-2.80,-0.07,0.40,21.73,0.50,1.00,1.00,0.00,1.00,0.00,0.00,0.00
0,0,-9.00,0.00,2.54,398.67,103.67,48.67,0.00,0.33,49.00,14.67,1.33,-1.33,37.00,3.00,0.00,-1.00,-1.00,1.00,0.00,0.00,0.00
0,0,1.00,10.00,-15.24,23.25,9.33,16.00,5.50,1.92,-3.42,4.83,0.17,-1.00,0.33,8.42,1.00,-1.00,-1.00,1.00,0.00,-1.00,0.00
1,0,-6.00,0.00,-5.08,139.50,96.67,39.17,-0.17,-1.00,211.83,115.00,4.50,-0.50,244.00,139.83,1.00,0.00,-1.00,1.00,-1.00,0.00,0.00
0,0,7.00,0.00,-5.08,282.82,56.41,25.88,6.35,1.14,55.20,31.06,4.12,2.18,64.04,40.10,1.00,0.00,0.00,0.00,-1.00,-1.00,0.00
1,0,5.00,0.00,-15.24,309.39,42.68,15.43,4.68,2.64,29.61,6.50,1.00,0.50,30.18,6.61,0.00,0.00,0.00,1.00,-1.00,0.00,0.00
1,0,8.00,0.00,0.00,257.35,7.49,13.63,-3.92,-1.08,28.90,6.35,2.59,0.76,44.98,19.81,-1.00,0.00,1.00,-1.00,1.00,0.00,0.00
0,1,3.00,10.00,-5.08,567.80,108.55,27.50,0.40,0.40,62.85,28.00,0.15,0.25,54.25,22.35,0.00,1.00,0.00,0.00,0.00,0.00,0.00
0,0,-2.00,0.00,0.00,-60.47,-51.47,-14.73,5.93,2.47,-47.27,-10.73,-0.80,-1.07,-68.67,-27.93,0.00,0.00,0.00,0.00,0.00,0.00,0.00
1,0,8.00,0.00,0.00,-435.41,-27.14,-8.86,0.82,1.23,10.23,-7.09,0.68,0.64,-5.23,-20.05,-1.00,0.00,0.00,1.00,0.00,0.00,0.00
1,0,-14.00,-10.00,2.54,97.13,57.90,19.53,2.04,0.47,-6.82,-10.46,-1.89,0.17,-23.85,-30.42,1.00,-1.00,1.00,1.00,0.00,0.00,0.00
1,0,1.00,-10.00,-7.62,515.50,39.17,20.00,2.67,0.67,90.25,28.75,1.58,-0.25,128.17,64.17,0.00,-1.00,0.00,1.00,0.00,1.00,0.00
1,0,-6.00,0.00,-5.08,120.85,27.24,10.78,4.06,1.89,22.42,8.83,-1.40,0.11,23.79,10.51,1.00,0.00,0.00,0.00,0.00,-1.00,0.00
1,0,10.00,0.00,0.00,-227.95,-83.80,-31.79,-5.16,-3.20,-22.04,-4.11,2.34,0.75,-18.88,-0.52,-1.00,1.00,1.00,0.00,0.00,0.00,0.00
0,0,1.00,0.00,5.08,4.27,-4.09,-6.18,3.18,1.45,19.45,15.73,-1.64,-0.18,26.91,21.45,1.00,1.00,-1.00,-1.00,0.00,-1.00,0.00
1,1,5.00,30.00,-15.24,559.04,71.81,36.93,2.46,0.75,60.49,28.43,0.64,0.29,61.92,29.74,0.00,-1.00,-1.00,-1.00,0.00,0.00,0.00
1,0,-5.00,0.00,2.54,278.00,39.00,8.00,1.50,2.00,9.50,-1.00,4.00,1.50,2.50,-8.00,0.00,0.00,1.00,0.00,1.00,0.00,0.00
1,0,-2.00,5.00,0.00,-30.13,-13.40,0.67,0.27,-0.27,-42.80,-24.97,3.50,1.93,-29.70,-13.97,-1.00,-1.00,-1.00,1.00,0.00,0.00,0.00
1,0,-6.00,0.00,20.32,-183.85,-16.81,5.91,-0.10,-0.24,-30.22,-18.28,-3.08,-0.95,-64.42,-47.62,0.00,0.00,0.00,0.00,0.00,0.00,0.00
1,1,0.00,0.00,-2.54,-134.63,-46.90,-20.27,-0.33,-0.06,4.17,-6.86,-0.47,-0.49,8.16,-1.93,1.00,1.00,-1.00,1.00,-1.00,0.00,0.00
0,0,-6.00,0.00,-10.16,-44.40,6.07,14.40,0.93,-0.23,4.03,9.47,0.33,-0.47,8.47,15.20,1.00,0.00,-1.00,1.00,1.00,0.00,0.00
1,0,4.00,0.00,7.62,77.80,30.29,8.51,-2.49,-0.46,35.60,9.55,1.59,0.04,28.46,4.10,0.00,0.00,0.00,0.00,0.00,0.00,0.00
1,0,4.00,0.00,0.00,73.21,-20.03,-6.94,0.78,0.63,-49.24,-23.12,0.11,1.48,-33.06,-8.58,-1.00,1.00,0.00,0.00,0.00,0.00,0.00
0,0,14.00,0.00,7.62,-467.96,-97.74,-41.45,-1.45,-0.64,-64.95,-17.90,-2.35,-0.93,-65.09,-17.54,-1.00,0.00,0.00,0.00,0.00,0.00,0.00
1,1,-4.00,0.00,-2.54,-618.67,-43.67,9.62,-0.57,0.38,-72.86,-27.57,-1.62,-0.38,-90.86,-44.38,1.00,0.00,0.00,-1.00,0.00,0.00,0.00
1,0,-1.00,0.00,-2.54,-337.83,-26.33,-8.83,0.83,0.33,-12.33,-2.83,-0.67,0.00,-19.17,-8.00,-1.00,-1.00,-1.00,-1.00,1.00,1.00,0.00
0,0,12.00,0.00,10.16,40.13,40.55,8.21,0.64,0.18,12.04,1.68,-0.92,-0.55,8.87,-1.49,-1.00,0.00,1.00,-1.00,0.00,0.00,0.00
1,0,5.00,0.00,-2.54,3.97,2.30,6.47,-0.93,-0.42,-13.29,-5.19,1.14,0.07,-12.58,-6.63,0.00,-1.00,0.00,0.00,0.00,0.00,0.00
1,0,-6.00,0.00,7.62,-329.08,-10.23,-8.84,3.23,0.52,-17.06,-1.54,-3.07,-0.81,-19.86,-4.30,0.00,0.00,-1.00,1.00,-1.00,0.00,0.00
0,0,14.00,-25.00,0.00,-182.25,-50.80,-25.05,-5.75,-2.15,-31.40,-8.65,-0.20,-0.15,-26.25,-2.65,-1.00,1.00,0.00,0.00,0.00,1.00,0.00
0,0,8.00,0.00,-7.62,507.45,38.20,10.40,5.40,3.05,62.50,27.00,-1.00,-0.35,77.80,41.45,1.00,0.00,0.00,-1.00,0.00,0.00,0.00
0,0,6.00,0.00,-10.16,-20.56,6.70,8.59,-0.39,-0.35,-0.25,-0.20,1.11,0.53,6.55,6.78,0.00,0.00,0.00,0.00,0.00,0.00,0.00
1,0,2.00,0.00,7.62,-677.00,-133.50,-36.50,2.50,2.50,-150.50,-62.50,-1.00,-0.50,-161.00,-73.00,0.00,0.00,1.00,-1.00,0.00,0.00,0.00
1,0,5.00,0.00,-7.62,89.94,61.30,17.64,0.70,-1.33,52.42,2.09,-0.79,-0.88,29.52,-20.30,-1.00,0.00,1.00,-1.00,0.00,0.00,0.00
0,0,2.00,0.00,10.16,60.33,14.28,10.45,-3.09,-0.85,31.68,16.02,1.49,0.30,29.71,14.43,1.00,-1.00,0.00,0.00,0.00,0.00,0.00
0,0,2.00,10.00,5.08,-143.39,17.33,3.50,1.61,-0.06,-19.33,7.11,4.56,3.78,-9.00,16.33,0.00,-1.00,0.00,1.00,1.00,1.00,0.00
0,0,0.00,0.00,2.54,-119.42,30.50,12.50,-7.92,-2.42,22.83,-3.08,-0.17,0.42,13.83,-10.83,0.00,0.00,1.00,0.00,0.00,0.00,0.00
1,0,3.00,0.00,5.08,72.81,39.67,17.86,-4.10,-2.19,68.38,31.43,3.29,0.57,72.33,34.90,-1.00,-1.00,0.00,-1.00,-1.00,0.00,0.00
1,0,-2.00,0.00,-12.70,85.59,-10.62,3.91,9.36,4.46,-42.59,-19.24,-1.62,-0.16,-36.80,-14.72,1.00,-1.00,-1.00,0.00,0.00,1.00,0.00
0,0,-5.00,0.00,10.16,-259.17,-50.56,-17.61,2.44,1.00,-26.72,-12.83,-2.33,-0.78,-28.39,-13.28,0.00,0.00,0.00,0.00,-1.00,0.00,0.00
1,0,-3.00,0.00,-5.08,333.50,87.00,33.33,2.83,-1.00,73.50,10.33,1.17,0.00,79.00,15.33,0.00,0.00,0.00,0.00,0.00,0.00,0.00
1,0,4.00,0.00,-2.54,71.17,-84.33,-67.50,6.83,1.83,-87.83,-41.33,-2.33,-1.00,-63.83,-18.67,0.00,1.00,0.00,1.00,0.00,0.00,0.00
1,0,6.00,0.00,-12.70,-194.68,-45.40,-10.25,2.29,0.63,-9.76,-8.29,-4.25,-1.67,-19.98,-16.00,1.00,-1.00,-1.00,0.00,0.00,0.00,0.00
0,0,8.00,0.00,-7.62,-104.33,-66.00,-31.67,2.67,0.50,-44.00,-6.00,0.00,0.83,-38.33,-1.67,1.00,1.00,0.00,-1.00,0.00,0.00,0.00
1,0,1.00,15.00,2.54,222.93,17.44,5.00,-0.62,0.23,42.58,7.44,1.54,0.93,47.50,12.65,1.00,-1.00,0.00,0.00,0.00,0.00,0.00
0,0,1.00,10.00,2.54,74.40,26.70,36.10,1.80,0.60,11.20,23.40,-0.80,-0.60,29.50,38.50,-1.00,-1.00,0.00,0.00,0.00,0.00,0.00
0,0,-2.00,0.00,-2.54,13.35,-67.12,-19.60,1.03,0.99,-34.31,-3.60,-2.01,-0.92,-16.07,12.32,1.00,0.00,-1.00,0.00,1.00,0.00,0.00
0,0,10.00,0.00,10.16,2.25,-47.75,-15.88,1.00,0.38,-58.00,-19.75,0.75,0.88,-48.75,-11.00,0.00,1.00,0.00,1.00,0.00,0.00,0.00
1,0,8.00,0.00,17.78,-125.41,-44.72,-19.37,3.11,1.60,-24.61,-1.94,-2.39,-1.03,-25.37,-3.17,0.00,0.00,0.00,-1.00,0.00,0.00,0.00
1,0,-2.00,0.00,-7.62,-138.50,-17.17,-20.25,-1.33,-0.75,-26.42,1.42,2.25,1.00,-5.33,17.25,0.00,0.00,-1.00,0.00,0.00,0.00,0.00
1,1,-4.00,0.00,5.08,-46.66,18.64,8.64,-6.76,-1.90,36.86,8.52,0.82,-0.34,41.10,13.30,1.00,0.00,0.00,1.00,0.00,0.00,0.00
0,0,-7.00,0.00,5.08,-166.48,-94.70,-32.87,-1.23,-0.71,-42.02,-13.53,-2.78,-0.46,-43.05,-15.41,-1.00,1.00,1.00,-1.00,0.00,0.00,0.00
1,1,7.00,-10.00,7.62,299.03,81.04,44.82,2.10,1.35,52.18,10.38,3.48,0.77,67.08,22.29,1.00,-1.00,0.00,0.00,1.00,0.00,0.00
0,0,10.00,-15.00,-2.54,-227.41,19.11,6.34,-0.13,-0.03,-24.73,2.28,-1.63,-0.26,-38.94,-11.77,0.00,1.00,0.00,0.00,0.00,-1.00,0.00
0,0,3.00,0.00,2.54,209.95,-11.67,-15.92,4.47,2.77,27.79,-1.30,-1.82,-0.56,29.39,-0.15,0.00,0.00,0.00,-1.00,0.00,0.00,0.00
1,0,9.00,0.00,-15.24,93.88,9.50,-3.00,1.75,-0.25,20.12,9.12,-1.25,0.00,7.00,-1.25,1.00,-1.00,0.00,0.00,-1.00,0.00,0.00
1,0,-2.00,10.00,-2.54,44.17,38.28,25.61,-3.17,-2.06,40.11,0.56,-1.06,-0.89,23.72,-13.67,0.00,-1.00,0.00,-1.00,0.00,0.00,0.00
1,1,0.00,20.00,7.62,-657.50,-33.62,-15.75,-3.00,-1.75,-68.50,-26.12,-2.12,-0.50,-117.75,-68.50,0.00,1.00,0.00,0.00,1.00,0.00,0.00
0,0,0.00,0.00,0.00,-37.73,-8.40,-0.63,-0.40,0.30,-30.67,-9.77,0.17,0.43,-20.03,0.70,0.00,0.00,-1.00,0.00,0.00,0.00,0.00
0,0,10.00,0.00,0.00,-307.17,-12.00,-10.58,-3.00,-1.92,-51.67,-31.17,0.50,-0.33,-72.33,-50.50,1.00,0.00,-1.00,0.00,1.00,-1.00,0.00
1,0,-1.00,-10.00,0.00,37.20,10.20,16.80,-2.80,-1.00,-7.20,-14.80,3.60,3.00,2.20,-5.60,0.00,-1.00,0.00,-1.00,1.00,0.00,0.00
0,0,10.00,0.00,-5.08,-433.62,-104.62,-24.75,-2.50,-0.75,-112.50,-37.25,-3.00,0.00,-133.50,-54.75,0.00,-1.00,0.00,0.00,0.00,-1.00,0.00
0,1,5.00,-9.00,-7.62,-69.90,-25.20,-6.40,-2.40,-1.00,-34.20,-9.50,0.20,0.50,-27.70,-3.40,0.00,1.00,1.00,-1.00,0.00,1.00,0.00
1,0,-3.00,0.00,-5.08,228.36,16.19,9.24,3.95,1.21,15.29,2.36,-1.14,-0.52,20.05,5.52,1.00,0.00,1.00,-1.00,0.00,1.00,0.00
1,0,8.00,0.00,-7.62,-77.30,-70.07,-26.37,-3.80,-2.07,2.63,6.77,2.17,1.33,19.17,22.47,-1.00,1.00,1.00,-1.00,0.00,0.00,0.00
0,0,4.00,15.00,5.08,-86.57,-42.49,-15.97,4.51,1.54,-11.56,-7.31,-2.53,-1.14,4.73,9.71,1.00,-1.00,-1.00,0.00,-1.00,0.00,0.00
1,0,6.00,10.00,0.00,-341.00,-94.40,-36.60,2.80,1.40,-79.60,-28.20,-2.60,-1.20,-73.20,-23.20,0.00,-1.00,0.00,-1.00,0.00,0.00,0.00
1,0,4.00,0.00,2.54,-405.00,-11.00,-9.00,-3.00,0.00,-15.00,-20.00,0.00,-1.00,-60.00,-61.00,0.00,1.00,0.00,0.00,0.00,-1.00,0.00
1,0,-2.00,0.00,-10.16,-57.58,-45.67,-15.20,2.85,1.12,-21.88,-4.68,-3.25,-1.62,-17.58,-1.70,0.00,0.00,1.00,-1.00,0.00,0.00,0.00
1,0,-5.00,20.00,5.08,-201.77,-2.22,-3.15,-1.57,-1.28,-2.92,-4.87,-0.37,-0.42,-25.25,-25.67,0.00,0.00,1.00,0.00,0.00,0.00,0.00
0,0,-1.00,15.00,-7.62,43.54,-33.98,-12.77,0.39,0.32,-37.70,-8.96,3.43,2.50,-14.11,11.66,0.00,0.00,0.00,0.00,0.00,0.00,0.00
1,1,0.00,-10.00,5.08,223.00,5.10,10.25,2.17,2.29,-11.90,6.31,4.83,1.62,15.15,29.77,0.00,0.00,0.00,0.00,1.00,0.00,0.00
0,0,-3.00,0.00,2.54,-121.29,53.86,17.19,-0.88,-0.83,-6.10,-7.74,2.57,0.24,-34.71,-32.57,-1.00,-1.00,1.00,1.00,0.00,0.00,0.00
1,0,-2.00,25.00,7.62,55.51,-4.95,16.26,0.74,0.14,-8.81,-2.18,-1.40,-0.19,-12.59,-5.50,0.00,-1.00,0.00,0.00,0.00,-1.00,0.00
1,0,1.00,0.00,10.16,-177.00,29.33,16.00,-0.33,-0.33,-4.00,13.33,-1.67,0.00,-4.33,13.33,0.00,1.00,1.00,0.00,0.00,0.00,-1.00
1,0,-3.00,0.00,-2.54,0.00,123.00,29.00,-3.00,0.00,103.00,29.00,-3.00,-5.00,58.00,-8.00,-1.00,0.00,1.00,-1.00,0.00,0.00,0.00
1,1,1.00,10.00,5.08,43.80,47.93,27.27,-8.67,-5.33,-36.07,-10.27,11.60,2.00,-38.73,-11.13,0.00,-1.00,0.00,0.00,0.00,0.00,0.00
1,0,-5.00,0.00,2.54,136.50,-22.68,-9.54,2.33,1.08,-25.35,-14.14,-0.13,0.22,-20.10,-9.30,0.00,1.00,1.00,-1.00,-1.00,0.00,0.00
1,0,-2.00,-20.00,0.00,389.32,37.66,19.46,0.29,0.48,17.20,4.55,2.00,0.46,20.91,8.46,0.00,-1.00,0.00,1.00,-1.00,1.00,0.00
0,0,2.00,15.00,2.54,341.60,51.88,16.68,3.40,0.02,6.97,2.50,0.82,0.56,19.18,13.61,1.00,0.00,0.00,-1.00,0.00,0.00,0.00
1,0,-9.00,0.00,-7.62,-605.33,-65.67,-11.33,-0.33,0.33,-96.33,-38.33,-2.00,-1.00,-79.00,-23.00,-1.00,0.00,0.00,0.00,1.00,0.00,0.00
0,0,8.00,0.00,-5.08,-45.69,-9.50,2.81,4.50,2.25,4.81,12.25,-1.56,-0.75,10.88,19.12,0.00,0.00,1.00,-1.00,0.00,0.00,0.00
1,1,-5.00,0.00,5.08,37.21,-21.55,-8.85,-6.35,-1.71,5.06,3.50,3.26,-0.41,15.14,10.82,-1.00,0.00,0.00,-1.00,0.00,0.00,0.00
1,0,-4.00,50.00,-12.70,310.48,66.83,26.29,4.09,1.42,30.61,17.98,-0.58,0.06,21.16,10.41,1.00,-1.00,-1.00,0.00,-1.00,0.00,0.00
0,0,-4.00,0.00,22.86,-215.56,-33.26,-5.77,1.77,0.99,-32.92,-16.10,-3.04,-0.63,-52.40,-32.60,1.00,0.00,-1.00,0.00,0.00,0.00,0.00
0,1,1.00,-10.00,-10.16,548.10,37.55,14.55,2.52,0.29,54.79,24.36,3.95,1.62,85.60,53.48,1.00,0.00,0.00,0.00,-1.00,-1.00,0.00
1,0,-3.00,10.00,7.62,546.40,84.80,37.60,4.50,1.60,80.90,39.00,3.40,2.90,101.00,56.70,0.00,-1.00,-1.00,1.00,1.00,0.00,0.00
0,1,-6.00,0.00,5.08,-379.66,-93.47,-23.89,-1.40,-0.54,-64.57,-17.95,-2.10,-0.78,-73.25,-25.05,0.00,0.00,0.00,0.00,0.00,0.00,0.00
1,0,5.00,0.00,-2.54,267.60,45.10,15.90,7.10,1.90,20.50,16.10,-0.20,-1.10,11.70,6.20,1.00,0.00,0.00,0.00,1.00,1.00,0.00
0,0,3.00,-10.00,7.62,420.00,87.25,8.50,-0.17,-0.67,166.42,54.67,1.00,0.25,160.17,48.42,0.00,0.00,0.00,1.00,0.00,0.00,0.00
1,0,-3.00,-15.00,5.08,-131.68,23.71,11.29,-0.78,0.17,23.90,9.42,-0.48,-1.17,-5.57,-17.64,-1.00,0.00,0.00,-1.00,0.00,-1.00,0.00
0,0,-7.00,0.00,2.54,259.79,38.29,10.12,2.38,1.12,28.92,7.29,0.62,-0.21,39.38,17.62,1.00,1.00,0.00,0.00,-1.00,0.00,0.00
0,0,9.00,3.00,-17.78,305.19,30.62,2.94,1.06,0.12,81.12,42.19,-1.94,-0.69,74.00,36.50,0.00,1.00,0.00,0.00,1.00,0.00,0.00
0,1,-1.00,15.00,2.54,-199.37,-10.33,-4.54,-5.75,-0.95,-44.40,-32.70,1.79,0.95,-72.46,-59.58,-1.00,0.00,1.00,-1.00,0.00,0.00,0.00
1,0,0.00,0.00,2.54,-196.16,15.63,13.46,-2.67,-0.96,0.40,6.71,2.02,1.04,-0.30,6.00,0.00,1.00,0.00,1.00,1.00,0.00,0.00
0,0,5.00,0.00,-2.54,181.06,9.51,5.54,-0.60,-0.20,9.46,0.49,0.60,0.34,26.29,15.49,0.00,0.00,-1.00,0.00,0.00,0.00,0.00
0,0,4.00,-15.00,0.00,82.00,19.25,17.50,-2.00,-0.38,-13.62,-11.25,-0.12,-0.25,-19.62,-17.00,1.00,0.00,0.00,0.00,0.00,0.00,0.00
1,0,-1.00,0.00,10.16,-241.97,-23.09,-6.62,-3.83,-1.29,-24.93,-4.29,0.22,0.02,-17.75,2.44,0.00,1.00,1.00,1.00,0.00,0.00,0.00
0,0,-1.00,10.00,-7.62,12.25,-36.85,-23.05,-0.70,0.10,-16.00,-2.55,-1.55,-0.10,-21.30,-6.15,-1.00,0.00,-1.00,0.00,-1.00,0.00,0.00
0,0,0.00,15.00,-15.24,207.37,14.89,4.09,5.65,2.89,30.30,15.89,-1.35,-0.05,34.82,21.84,1.00,1.00,0.00,0.00,-1.00,0.00,0.00
1,0,-8.00,10.00,-7.62,-136.70,67.00,21.15,-2.85,-0.60,30.80,5.60,0.30,-0.55,6.45,-17.75,1.00,0.00,-1.00,1.00,0.00,0.00,0.00
0,0,4.00,0.00,-2.54,-22.83,-11.50,-2.33,0.94,1.17,14.61,4.06,-3.22,-2.44,-6.72,-16.33,0.00,0.00,0.00,0.00,0.00,0.00,0.00
1,0,-3.00,0.00,7.62,302.00,62.06,36.89,4.94,1.67,62.78,23.83,-1.56,0.00,61.67,23.33,1.00,-1.00,-1.00,1.00,0.00,-1.00,0.00
1,1,2.00,0.00,-2.54,-72.34,-26.24,-4.78,0.15,0.52,35.11,10.07,-1.44,-2.39,23.13,-0.60,1.00,0.00,0.00,0.00,0.00,0.00,0.00
1,0,3.00,0.00,-15.24,169.37,11.01,0.14,2.27,0.46,18.26,9.82,-1.28,0.34,14.31,5.96,1.00,0.00,0.00,1.00,0.00,1.00,0.00
0,0,-4.00,15.00,7.62,-295.71,-46.43,-17.36,-6.57,-0.64,-90.79,-38.50,3.79,2.57,-96.36,-45.43,-1.00,0.00,1.00,-1.00,0.00,0.00,0.00
1,0,5.00,1.00,-17.78,290.64,41.65,17.82,-0.70,-0.17,34.04,12.85,3.40,0.81,52.27,26.75,0.00,-1.00,1.00,0.00,0.00,0.00,0.00
1,0,-5.00,18.00,7.62,-69.10,3.95,6.71,-1.43,-0.67,-28.95,-8.71,2.67,1.24,-14.33,4.14,0.00,-1.00,0.00,0.00,0.00,0.00,0.00
0,0,5.00,0.00,-7.62,-156.90,1.85,8.65,-1.60,-0.95,-34.30,-7.05,-1.90,-1.10,-38.65,-9.75,1.00,1.00,0.00,0.00,1.00,0.00,0.00
0,0,-2.00,-15.00,-7.62,36.41,15.25,8.54,-1.23,-0.61,30.59,9.43,-0.04,-0.21,28.61,7.39,-1.00,0.00,1.00,0.00,0.00,0.00,0.00
1,0,-4.00,10.00,17.78,-155.58,-0.17,-7.25,-4.58,-1.08,24.25,14.92,-0.08,-0.92,9.00,2.42,0.00,0.00,0.00,0.00,0.00,0.00,0.00
1,0,4.00,-15.00,-7.62,-94.16,30.83,22.12,-4.51,-1.32,50.01,22.67,0.01,-0.49,35.62,9.59,0.00,0.00,0.00,0.00,0.00,0.00,0.00
1,0,-4.00,0.00,-5.08,-15.79,2.00,8.43,-4.57,-1.07,-23.71,-18.36,2.57,0.50,-26.00,-20.21,0.00,-1.00,0.00,1.00,0.00,1.00,0.00
0,0,4.00,0.00,5.08,-170.35,-88.34,-21.70,-2.25,-0.93,-46.75,-12.38,-0.49,-0.65,-35.48,-1.68,0.00,0.00,0.00,0.00,1.00,0.00,0.00
1,0,2.00,15.00,2.54,168.72,34.63,10.11,3.37,-0.06,32.53,16.03,0.11,0.03,32.16,14.89,0.00,0.00,-1.00,0.00,0.00,0.00,0.00
1,0,4.00,0.00,10.16,-227.67,-73.00,-32.00,-12.00,-1.33,-108.33,-34.67,4.33,2.33,-112.00,-39.00,-1.00,-1.00,1.00,0.00,1.00,0.00,0.00
1,0,0.00,20.00,7.62,-633.20,-10.80,-14.40,-7.40,-3.20,-24.40,-17.60,-2.60,-0.40,-140.40,-121.20,0.00,1.00,0.00,0.00,1.00,0.00,0.00
0,0,-2.00,0.00,7.62,361.07,66.60,37.79,1.88,0.21,109.79,52.12,1.71,0.00,122.02,63.50,0.00,0.00,1.00,-1.00,0.00,0.00,0.00
0,1,5.00,10.00,10.16,-119.17,72.50,14.00,-3.50,-0.50,20.67,-5.50,-4.17,-2.67,-24.33,-47.50,-1.00,0.00,0.00,0.00,0.00,0.00,0.00
0,0,-3.00,-15.00,-5.08,-323.29,-39.81,-15.19,-1.86,0.00,-39.38,-20.52,-2.43,-1.76,-51.90,-32.05,0.00,-1.00,0.00,0.00,0.00,0.00,0.00
1,0,-5.00,0.00,2.54,-147.81,2.60,2.31,-4.10,-1.26,-15.07,-15.05,3.02,1.79,-19.21,-17.88,-1.00,0.00,1.00,0.00,0.00,-1.00,0.00
1,0,-1.00,0.00,-7.62,84.20,23.90,10.40,-0.30,0.10,-13.70,-12.70,0.10,-0.20,-34.10,-29.80,0.00,-1.00,0.00,1.00,-1.00,1.00,0.00
1,0,6.00,10.00,-2.54,-278.20,-3.23,-13.20,-2.93,-2.90,58.63,27.07,-2.27,-0.07,31.17,1.83,-1.00,0.00,0.00,0.00,-1.00,0.00,0.00
1,0,-7.00,0.00,-2.54,30.74,-18.67,-3.05,5.10,2.05,-7.64,-8.38,-4.26,-1.35,-17.32,-14.61,1.00,-1.00,0.00,-1.00,0.00,0.00,0.00
1,0,2.00,0.00,-2.54,-444.33,-23.33,-6.00,-0.67,-0.67,-54.33,-24.33,-0.67,-1.33,-63.33,-33.67,0.00,1.00,1.00,0.00,0.00,1.00,0.00
0,0,2.00,0.00,5.08,0.00,75.33,56.67,1.33,-1.00,-40.00,71.00,2.33,1.00,-18.00,88.67,-1.00,-1.00,1.00,-1.00,0.00,0.00,0.00
0,0,5.00,0.00,2.54,-248.00,-29.50,0.50,-0.50,0.00,-0.50,17.00,-1.50,0.50,-1.50,16.50,0.00,0.00,0.00,0.00,0.00,0.00,0.00
0,0,1.00,-10.00,10.16,-27.67,-46.58,-18.25,-2.08,0.17,-165.33,-52.33,0.08,0.08,-147.08,-36.00,0.00,0.00,0.00,-1.00,0.00,0.00,0.00
1,0,-4.00,0.00,5.08,-379.58,-68.44,-39.11,2.11,0.25,-19.58,-9.64,-2.69,-0.42,-14.11,-3.56,0.00,1.00,1.00,0.00,0.00,0.00,0.00
1,0,-2.00,10.00,-7.62,34.85,-40.60,-5.70,9.85,4.82,-40.09,-21.15,-2.15,-0.45,-39.21,-21.07,0.00,0.00,0.00,-1.00,0.00,1.00,0.00
0,0,2.00,0.00,-5.08,58.88,-28.82,-19.23,1.73,-0.16,-41.41,-3.46,0.62,0.71,-23.18,15.41,1.00,1.00,1.00,0.00,0.00,0.00,0.00
0,0,-7.00,0.00,12.70,-64.87,2.47,-6.40,0.73,0.83,1.13,6.47,-2.76,-0.66,5.13,9.33,0.00,1.00,0.00,0.00,0.00,0.00,0.00
1,1,-2.00,10.00,2.54,136.50,4.83,20.17,0.00,0.17,-11.00,-18.00,2.67,1.33,-22.00,-29.33,0.00,0.00,0.00,0.00,0.00,0.00,0.00
0,1,1.00,0.00,-2.54,-162.51,-51.03,-24.99,-0.38,-0.18,1.31,-5.86,-0.50,-0.43,10.10,3.54,1.00,1.00,-1.00,1.00,-1.00,0.00,0.00
0,1,4.00,0.00,-12.70,244.03,-8.50,-7.50,7.61,1.94,19.58,8.14,-1.22,-0.67,37.72,25.97,1.00,1.00,0.00,0.00,0.00,0.00,0.00
0,0,8.00,0.00,-5.08,-358.91,-54.18,-27.21,-0.75,-0.51,-20.16,1.02,-2.01,-0.12,-12.08,8.47,0.00,1.00,-1.00,0.00,0.00,-1.00,0.00
1,0,-1.00,0.00,2.54,-61.32,16.42,-7.15,-1.35,-1.01,28.57,6.26,0.17,-0.97,8.40,-12.38,1.00,1.00,1.00,-1.00,0.00,-1.00,0.00
0,0,-4.00,0.00,-7.62,356.50,19.75,11.00,2.00,0.50,20.25,10.50,3.25,1.75,40.25,29.00,-1.00,0.00,0.00,-1.00,1.00,0.00,0.00
0,0,2.00,0.00,12.70,-66.74,75.43,37.34,-0.63,-1.29,34.54,12.49,1.80,1.37,28.37,6.60,0.00,-1.00,0.00,1.00,1.00,1.00,0.00
1,0,5.00,0.00,15.24,-360.88,-91.00,-38.94,3.56,1.88,-105.75,-46.88,-0.81,0.19,-103.88,-45.75,-1.00,0.00,0.00,0.00,-1.00,0.00,0.00
0,0,6.00,0.00,-2.54,-119.88,42.65,3.59,2.53,1.29,95.24,30.35,3.35,0.59,98.24,34.94,1.00,-1.00,0.00,0.00,0.00,0.00,0.00
1,0,3.00,-10.00,2.54,-41.18,25.48,-0.91,-1.91,-0.92,-24.20,1.34,3.46,1.15,-28.65,-3.03,0.00,1.00,1.00,1.00,0.00,0.00,0.00
1,0,-4.00,25.00,7.62,-325.67,-47.89,-17.44,-2.67,0.00,-65.00,-24.33,2.44,1.67,-49.56,-10.56,-1.00,0.00,-1.00,1.00,-1.00,0.00,0.00
1,1,-1.00,10.00,2.54,142.00,13.86,8.00,0.43,-0.29,4.29,-1.71,1.29,0.29,14.14,7.14,0.00,1.00,1.00,1.00,1.00,0.00,0.00
1,0,-5.00,0.00,-5.08,80.46,-3.64,-4.61,3.79,1.18,-1.82,1.00,-0.14,-0.46,11.75,11.25,1.00,-1.00,1.00,1.00,-1.00,0.00,0.00
1,0,-4.00,0.00,5.08,-178.72,-39.13,-17.22,-1.14,-0.44,-51.75,-23.93,-2.19,-1.25,-50.07,-21.78,0.00,0.00,1.00,0.00,-1.00,0.00,0.00
0,0,3.00,15.00,5.08,291.30,32.90,12.83,1.76,0.10,28.70,14.08,2.38,1.60,38.97,23.99,0.00,1.00,0.00,0.00,0.00,0.00,0.00
0,0,0.00,0.00,0.00,-176.71,-17.39,-6.47,0.11,-0.03,22.45,12.65,-1.03,-0.59,9.68,0.23,-1.00,0.00,-1.00,1.00,0.00,0.00,0.00
1,0,3.00,15.00,-5.08,249.67,23.71,6.11,-1.56,-0.40,26.13,10.58,3.58,1.80,45.78,27.58,0.00,0.00,0.00,0.00,0.00,0.00,0.00
1,0,6.00,0.00,-7.62,-148.96,-113.49,-41.24,6.57,1.89,-35.47,-19.85,-3.78,-2.94,-40.24,-25.04,0.00,1.00,-1.00,0.00,0.00,0.00,0.00
1,0,-4.00,10.00,5.08,-310.38,-62.07,-9.35,-1.95,-0.35,-15.27,-6.68,-2.18,-0.53,-20.32,-11.93,-1.00,0.00,1.00,-1.00,0.00,0.00,0.00
0,0,6.00,20.00,7.62,-7.75,90.25,21.50,-4.50,-2.00,33.25,-2.25,-1.25,-1.00,-33.75,-61.75,0.00,1.00,0.00,0.00,0.00,-1.00,0.00
0,1,0.00,0.00,0.00,294.71,56.67,25.84,0.54,0.57,57.79,26.86,1.08,1.11,44.21,14.37,0.00,-1.00,1.00,-1.00,0.00,0.00,0.00
1,0,6.00,0.00,0.00,-137.60,-28.78,-7.95,0.67,0.35,-20.67,-15.72,-1.97,-0.63,-5.33,-2.68,1.00,-1.00,0.00,0.00,-1.00,0.00,0.00
1,0,3.00,-1.00,-20.32,280.99,29.25,5.12,1.85,0.88,45.88,21.68,0.51,0.15,38.33,15.60,0.00,0.00,-1.00,1.00,0.00,-1.00,0.00
1,0,-3.00,-10.00,-5.08,108.95,112.18,38.02,-0.44,0.07,81.69,31.36,-1.80,-3.60,73.47,24.87,0.00,0.00,0.00,0.00,-1.00,0.00,0.00
1,0,-6.00,0.00,2.54,-138.14,32.98,16.56,-1.27,-0.32,-7.12,-2.59,-3.08,0.00,-10.90,-7.18,0.00,0.00,1.00,1.00,0.00,0.00,0.00
1,0,5.00,-24.00,-5.08,114.60,29.79,23.25,1.18,-0.17,8.15,-3.06,-0.41,0.44,5.94,-5.18,0.00,0.00,0.00,0.00,0.00,1.00,0.00
1,0,0.00,0.00,2.54,282.02,35.10,15.84,3.02,1.42,17.87,-1.98,1.30,0.33,22.56,2.90,0.00,0.00,0.00,-1.00,0.00,0.00,0.00
0,0,-1.00,-10.00,-2.54,-110.27,-6.87,-16.22,-0.42,-0.34,-0.51,-4.17,0.23,-0.54,-3.74,-7.50,-1.00,0.00,0.00,0.00,0.00,1.00,0.00
0,0,-3.00,-10.00,5.08,185.00,2.60,-11.80,-0.83,-0.03,9.40,5.00,0.20,0.93,36.53,30.73,0.00,0.00,1.00,0.00,-1.00,0.00,0.00
1,0,-6.00,-10.00,-7.62,-76.25,-34.12,-16.88,-0.88,-0.38,-2.12,-12.00,3.12,1.00,-2.12,-12.88,0.00,1.00,0.00,1.00,0.00,0.00,0.00
1,1,-2.00,-25.00,0.00,163.47,54.06,15.12,3.27,1.12,57.86,20.77,0.00,0.16,58.65,21.68,1.00,0.00,-1.00,1.00,0.00,0.00,0.00
0,0,0.00,0.00,5.08,184.16,8.14,10.48,-2.54,-0.79,29.73,11.73,2.40,0.89,40.48,19.76,-1.00,0.00,1.00,-1.00,1.00,0.00,0.00
1,0,-9.00,-25.00,20.32,53.42,41.33,20.08,3.43,0.47,43.49,10.74,-2.53,-0.18,35.85,5.57,1.00,0.00,-1.00,1.00,0.00,0.00,0.00
1,0,-2.00,0.00,7.62,-279.00,-92.00,-63.00,-0.33,-1.00,-18.67,-11.00,-0.33,2.00,-112.00,-88.33,0.00,0.00,0.00,0.00,1.00,-1.00,0.00
1,0,-6.00,0.00,7.62,70.96,0.49,6.69,-0.07,-0.33,-7.09,-10.67,-0.24,-0.02,-26.40,-25.69,0.00,-1.00,1.00,0.00,0.00,1.00,0.00
1,0,-3.00,10.00,2.54,336.81,71.93,24.63,3.83,1.66,39.31,6.96,1.41,0.57,46.36,13.87,0.00,0.00,0.00,1.00,0.00,0.00,0.00
1,0,-2.00,0.00,10.16,-27.27,-21.34,-5.12,-1.31,-0.08,-24.87,-14.03,-0.18,-0.50,-30.23,-20.31,-1.00,1.00,1.00,0.00,0.00,1.00,0.00
0,0,6.00,0.00,-2.54,160.58,26.91,5.62,0.91,0.13,13.72,1.97,-0.18,0.88,22.54,11.81,1.00,0.00,0.00,0.00,0.00,0.00,0.00
0,0,-5.00,12.00,7.62,-290.28,-19.90,-8.39,1.76,0.80,-28.64,-12.76,-2.21,-0.59,-42.64,-25.98,0.00,1.00,-1.00,0.00,0.00,0.00,0.00
0,0,-4.00,0.00,7.62,-223.25,-34.00,-14.75,3.00,3.50,-115.25,-69.75,-1.25,0.00,-133.75,-86.75,0.00,0.00,-1.00,1.00,0.00,0.00,0.00
1,1,4.00,0.00,0.00,414.80,37.55,22.68,5.61,2.73,44.95,17.07,5.45,1.23,76.07,43.27,1.00,0.00,-1.00,0.00,0.00,0.00,0.00
1,0,2.00,0.00,-2.54,607.00,76.00,39.00,0.00,0.00,83.00,27.00,7.00,3.00,151.00,82.00,1.00,0.00,-1.00,0.00,0.00,0.00,0.00
0,0,7.00,0.00,0.00,-601.00,-270.00,-100.00,-2.00,0.00,-194.00,-34.00,-1.00,2.00,-153.00,-3.00,0.00,0.00,-1.00,0.00,0.00,0.00,0.00
1,0,1.00,0.00,-5.08,148.19,-33.19,-34.75,1.00,0.17,1.36,-4.14,0.08,-0.50,0.33,-5.06,1.00,-1.00,1.00,-1.00,0.00,0.00,0.00
0,0,6.00,0.00,-7.62,539.11,40.72,20.87,0.91,0.74,26.55,11.08,2.99,0.79,41.25,24.99,1.00,0.00,0.00,0.00,1.00,0.00,0.00
1,0,-13.00,0.00,-7.62,120.67,49.78,11.56,-0.56,-0.61,46.17,13.17,-1.00,0.06,34.39,1.56,1.00,0.00,0.00,1.00,-1.00,0.00,0.00
0,0,2.00,-10.00,10.16,37.67,35.00,7.33,-1.67,1.00,-32.67,-41.33,1.33,0.33,-36.00,-42.00,0.00,0.00,0.00,0.00,0.00,0.00,0.00
0,0,-4.00,15.00,5.08,20.66,-8.11,1.61,0.69,0.60,1.88,10.32,-1.14,-0.04,8.05,17.05,1.00,0.00,0.00,0.00,0.00,-1.00,0.00
0,0,-1.00,0.00,2.54,-11.37,79.55,13.66,-6.45,-1.32,35.37,-5.68,-2.58,-0.61,19.34,-23.18,0.00,1.00,0.00,0.00,0.00,0.00,0.00
1,0,-6.00,0.00,7.62,413.67,-16.17,-6.83,2.33,1.33,13.17,21.50,-0.17,0.67,75.67,77.50,0.00,1.00,1.00,-1.00,0.00,0.00,0.00
1,1,-8.00,0.00,10.16,286.42,52.53,19.62,3.95,2.18,28.66,6.84,-0.65,-0.53,23.99,1.41,1.00,0.00,0.00,-1.00,0.00,0.00,0.00
0,1,-5.00,-30.00,15.24,-461.26,-58.70,-30.66,-1.54,-0.33,-40.71,-18.90,-0.37,-0.39,-44.76,-22.50,0.00,1.00,1.00,1.00,0.00,0.00,0.00
0,0,2.00,0.00,5.08,-406.20,3.80,-2.50,-3.30,-2.00,49.20,23.70,1.20,0.60,56.10,29.80,-1.00,0.00,1.00,-1.00,-1.00,0.00,0.00
0,0,5.00,0.00,-15.24,338.15,37.07,19.12,6.37,2.33,21.54,12.58,2.44,1.51,38.71,28.40,1.00,-1.00,-1.00,0.00,0.00,0.00,0.00
0,0,-2.00,0.00,2.54,138.82,51.74,15.94,1.00,0.05,22.65,17.56,1.46,0.17,15.84,10.74,-1.00,-1.00,-1.00,0.00,1.00,0.00,0.00
0,0,6.00,-10.00,-7.62,302.00,0.66,0.91,6.34,1.43,46.77,13.97,2.14,-0.83,45.94,14.29,1.00,-1.00,-1.00,-1.00,1.00,0.00,0.00
1,0,-6.00,0.00,-2.54,404.25,29.92,12.58,1.58,-0.83,7.17,4.25,8.75,3.75,20.17,15.67,0.00,1.00,0.00,1.00,0.00,0.00,0.00
0,0,3.00,0.00,2.54,-173.32,-72.89,-33.64,0.97,0.35,-26.45,-0.92,-2.92,-0.01,-22.80,2.18,-1.00,1.00,0.00,1.00,0.00,0.00,0.00
1,0,9.00,-15.00,7.62,-193.90,-42.97,-12.40,-1.57,-0.70,-11.77,-3.23,1.13,-0.83,3.83,12.17,0.00,0.00,0.00,0.00,0.00,0.00,0.00
0,0,8.00,0.00,2.54,-263.58,-76.66,-22.00,-2.78,-0.91,-58.40,-27.07,-2.61,-1.51,-59.74,-28.60,0.00,0.00,1.00,-1.00,1.00,0.00,0.00
0,0,-1.00,0.00,2.54,91.45,-8.80,-7.95,-3.30,-1.30,-16.00,-3.20,-0.40,-0.20,-9.05,3.45,0.00,1.00,1.00,0.00,1.00,0.00,0.00
0,0,2.00,15.00,-2.54,-61.90,-3.90,-1.20,-4.10,-1.20,-9.60,-9.40,1.40,-0.30,-16.00,-16.00,-1.00,1.00,1.00,0.00,0.00,1.00,0.00
1,0,0.00,-15.00,7.62,-499.21,-36.11,-11.02,-2.71,-1.61,1.97,12.15,-3.38,-1.87,-9.86,1.52,-1.00,0.00,0.00,-1.00,0.00,0.00,0.00
1,0,-10.00,10.00,10.16,-295.22,-57.61,-14.31,-0.50,0.53,-36.58,-11.78,-2.06,-0.94,-42.47,-16.61,0.00,-1.00,-1.00,1.00,0.00,0.00,0.00
0,1,-2.00,0.00,5.08,-235.94,-47.92,-16.34,-3.03,-0.76,-53.27,-14.47,1.50,0.44,-41.12,-4.25,0.00,0.00,0.00,0.00,0.00,0.00,0.00
1,0,0.00,0.00,-2.54,-243.50,-31.00,-19.25,2.75,2.25,-15.75,-14.50,-6.50,-4.00,-16.00,-12.50,0.00,0.00,0.00,0.00,1.00,0.00,1.00
0,1,0.00,-10.00,-5.08,-214.00,-56.50,0.00,7.00,5.00,-1.50,5.50,-12.00,-3.00,-30.50,-19.50,1.00,1.00,-1.00,0.00,0.00,0.00,0.00
0,0,4.00,-2.00,-20.32,115.06,7.94,-16.38,0.71,-0.03,58.79,32.19,1.09,0.68,60.38,34.24,0.00,1.00,-1.00,1.00,1.00,0.00,0.00
0,0,-14.00,-20.00,-15.24,-247.50,-85.75,-9.75,3.00,1.50,11.00,28.50,0.75,1.50,35.00,47.75,0.00,0.00,0.00,1.00,0.00,0.00,0.00
0,0,1.00,10.00,5.08,-110.82,-8.18,-1.18,-0.45,-0.09,5.09,2.64,-0.91,-0.45,-4.55,-5.55,-1.00,1.00,1.00,-1.00,0.00,0.00,0.00
0,0,0.00,0.00,2.54,116.43,19.07,10.98,-0.75,-0.87,25.28,13.31,1.02,0.45,28.74,15.59,0.00,0.00,1.00,0.00,1.00,1.00,0.00
0,0,0.00,0.00,2.54,-34.00,17.00,-2.00,1.00,0.33,49.83,16.00,-0.67,1.00,38.50,5.17,0.00,1.00,1.00,-1.00,-1.00,0.00,0.00
1,1,-4.00,10.00,-7.62,-95.25,-30.83,-4.58,-1.67,-1.00,-115.08,-37.50,11.83,1.92,-114.83,-36.58,0.00,0.00,0.00,-1.00,0.00,0.00,0.00
0,0,13.00,0.00,-2.54,-319.58,-74.42,-36.48,0.47,-0.02,-111.88,-57.58,-1.45,0.36,-108.83,-54.71,-1.00,1.00,0.00,0.00,1.00,0.00,0.00
1,0,5.00,1.00,-20.32,278.98,36.22,12.95,0.30,0.70,22.78,6.95,2.70,0.48,42.58,22.75,0.00,-1.00,0.00,0.00,-1.00,-1.00,0.00
0,1,-6.00,-10.00,-2.54,-720.50,-169.33,-38.83,1.17,0.83,-90.83,-24.33,-2.00,0.17,-96.00,-29.00,0.00,-1.00,-1.00,-1.00,0.00,1.00,0.00
1,0,9.00,0.00,5.08,-10.50,-21.75,-19.50,-3.75,-2.00,23.50,6.75,1.50,0.25,19.00,3.25,0.00,1.00,0.00,1.00,-1.00,0.00,0.00
1,0,-3.00,-10.00,-10.16,344.33,-13.50,1.00,3.50,1.50,-38.17,-19.00,0.83,0.83,-15.17,-1.67,1.00,0.00,0.00,1.00,0.00,0.00,0.00
0,0,3.00,-10.00,-7.62,503.50,87.50,27.00,-1.50,-1.50,131.75,54.50,0.75,0.25,153.75,80.00,1.00,0.00,0.00,1.00,0.00,0.00,0.00
1,0,1.00,0.00,0.00,-348.45,11.00,2.14,-3.98,-1.73,-49.59,-30.30,1.09,0.50,-67.98,-46.52,0.00,1.00,1.00,1.00,-1.00,-1.00,0.00
1,0,-4.00,0.00,-2.54,-175.68,-7.83,-1.76,-0.37,-0.28,-32.98,-14.74,-0.67,-0.35,-39.80,-20.52,0.00,0.00,0.00,0.00,0.00,0.00,0.00
1,1,8.00,30.00,-17.78,326.32,3.41,13.00,1.44,0.58,14.24,0.06,-0.89,0.30,22.18,7.62,1.00,0.00,0.00,-1.00,-1.00,0.00,0.00
0,0,-1.00,0.00,2.54,-215.33,-66.00,-44.00,4.67,1.33,-21.33,-12.33,-3.67,-0.33,-16.00,-5.67,0.00,1.00,1.00,0.00,0.00,0.00,0.00
0,0,9.00,0.00,-10.16,43.15,-22.35,3.10,-5.05,-2.85,39.70,22.40,4.30,1.55,56.35,37.35,-1.00,1.00,0.00,0.00,0.00,0.00,0.00
1,0,11.00,0.00,0.00,103.29,8.83,-1.93,5.69,1.38,-34.74,-19.71,1.14,0.31,-27.31,-13.60,-1.00,0.00,0.00,0.00,-1.00,0.00,0.00
0,0,-2.00,0.00,-2.54,-180.27,-32.80,-21.00,-0.20,-0.23,-34.63,-12.10,-3.13,-0.83,-22.27,-1.83,0.00,1.00,1.00,0.00,0.00,1.00,0.00
0,1,0.00,0.00,2.54,312.76,49.18,19.00,3.71,2.13,26.29,11.73,0.18,0.00,34.00,17.56,1.00,0.00,-1.00,0.00,0.00,0.00,0.00
0,1,2.00,-10.00,-10.16,871.69,74.93,25.98,1.43,0.88,97.07,26.07,5.57,0.19,122.50,47.40,0.00,1.00,1.00,-1.00,0.00,0.00,0.00
0,0,-1.00,-25.00,-7.62,55.25,17.37,1.38,-1.93,-0.29,14.20,-1.48,0.16,-1.55,14.60,-2.17,1.00,-1.00,0.00,0.00,0.00,0.00,0.00
1,1,-1.00,15.00,-7.62,159.17,-3.72,-9.22,3.06,1.44,1.00,-15.44,0.50,0.72,10.33,-6.61,0.00,0.00,0.00,0.00,0.00,0.00,0.00
1,0,4.00,0.00,5.08,562.83,103.73,35.13,4.16,1.21,56.95,14.96,2.37,1.22,54.29,11.86,0.00,1.00,1.00,1.00,0.00,0.00,0.00
0,0,-2.00,0.00,2.54,-257.65,-107.18,-41.00,-1.31,-0.20,-26.01,-5.42,-2.77,-0.25,-31.59,-10.13,-1.00,1.00,0.00,0.00,0.00,0.00,0.00
1,0,-7.00,0.00,-10.16,-110.25,46.50,24.00,-0.50,0.00,21.25,-2.75,-5.75,-4.25,-6.00,-26.50,0.00,-1.00,-1.00,0.00,-1.00,0.00,1.00
0,0,4.00,-15.00,-10.16,87.90,14.85,4.54,-1.76,-0.41,21.00,2.99,0.50,0.68,30.01,12.29,0.00,0.00,1.00,0.00,0.00,0.00,0.00
1,0,3.00,0.00,-7.62,64.14,77.16,29.56,-3.28,-0.72,34.10,1.15,3.12,0.96,38.53,4.17,0.00,0.00,0.00,0.00,0.00,0.00,0.00
0,0,1.00,0.00,2.54,-87.69,48.10,10.05,-6.02,-2.21,21.50,1.98,0.90,-0.38,3.60,-14.43,0.00,0.00,1.00,-1.00,0.00,0.00,0.00
1,0,-5.00,0.00,2.54,-90.44,-50.72,-21.22,2.56,1.17,-16.56,-6.89,-1.39,-0.39,-25.61,-15.94,-1.00,1.00,0.00,0.00,-1.00,0.00,0.00
1,0,-2.00,0.00,12.70,-81.67,3.92,-5.08,0.17,-0.17,41.83,7.08,-5.67,-2.42,37.42,6.92,0.00,0.00,0.00,0.00,-1.00,0.00,0.00
1,0,0.00,10.00,-2.54,96.60,-103.33,-33.60,4.20,1.20,-83.47,-27.40,6.40,2.53,-61.67,-8.27,0.00,0.00,0.00,0.00,0.00,0.00,0.00
1,0,-5.00,10.00,2.54,393.00,91.50,-1.50,0.00,0.00,73.50,23.00,3.50,0.00,78.50,30.50,0.00,0.00,0.00,1.00,0.00,0.00,0.00
1,1,8.00,0.00,-5.08,-9.90,-5.87,-0.42,-2.03,-0.77,24.48,12.86,0.12,0.97,10.48,0.85,0.00,-1.00,0.00,0.00,0.00,0.00,0.00
0,1,4.00,-10.00,-20.32,204.40,-15.50,-3.00,3.30,1.00,20.30,4.40,0.30,0.00,35.00,18.70,1.00,0.00,0.00,-1.00,0.00,0.00,0.00
1,0,0.00,0.00,-2.54,-14.82,-7.21,-0.52,-3.16,-1.58,-4.83,0.81,-0.43,0.47,1.08,5.31,0.00,1.00,1.00,1.00,0.00,1.00,0.00
0,0,-3.00,-20.00,-12.70,-145.75,-4.58,7.75,-0.08,0.50,-47.83,0.92,-0.42,0.00,-44.33,2.67,0.00,1.00,1.00,0.00,0.00,0.00,0.00
1,0,-4.00,0.00,-2.54,-145.47,-12.07,-13.73,0.07,0.47,-20.27,-16.27,-0.93,-0.20,-18.73,-15.13,1.00,0.00,0.00,0.00,0.00,0.00,0.00
1,0,0.00,-24.00,-5.08,81.52,31.11,9.03,-1.47,-0.68,8.28,-6.57,2.09,0.09,-3.21,-17.84,0.00,0.00,1.00,0.00,0.00,1.00,0.00
1,1,-1.00,-10.00,0.00,399.87,18.11,27.68,6.44,3.73,1.56,-4.36,-0.10,0.95,31.15,20.52,1.00,-1.00,0.00,0.00,1.00,0.00,0.00
0,0,-1.00,0.00,-7.62,136.31,13.10,4.10,-1.12,-0.33,-5.60,-10.19,0.10,0.14,-23.60,-24.69,0.00,-1.00,0.00,1.00,-1.00,1.00,0.00
1,0,-2.00,-13.00,15.24,-141.36,-16.07,3.64,-1.00,0.29,-58.07,-31.64,-0.50,-0.21,-55.57,-29.64,1.00,0.00,1.00,-1.00,-1.00,0.00,0.00
1,0,-3.00,-1.00,-2.54,-127.24,9.95,3.29,-1.83,-1.33,3.12,5.83,-0.38,0.24,-22.36,-18.74,-1.00,0.00,0.00,0.00,1.00,1.00,0.00
1,0,-6.00,0.00,2.54,94.86,-6.00,11.79,2.93,1.07,11.93,13.79,-3.71,-0.07,21.71,25.64,0.00,0.00,1.00,-1.00,0.00,0.00,0.00
1,1,-4.00,0.00,10.16,-530.07,-112.47,-59.67,0.67,1.27,-98.73,-30.07,-2.73,-0.47,-113.13,-43.47,-1.00,-1.00,0.00,-1.00,-1.00,1.00,0.00
0,0,3.00,-10.00,2.54,160.92,62.00,16.92,-1.50,-0.83,32.92,8.75,2.25,0.58,34.08,10.17,1.00,-1.00,-1.00,1.00,0.00,0.00,0.00
0,0,7.00,-10.00,-7.62,237.75,21.75,8.00,1.25,1.00,24.00,11.75,-1.25,-0.75,65.25,51.00,1.00,-1.00,0.00,-1.00,-1.00,-1.00,0.00
1,0,7.00,15.00,2.54,-203.38,-29.71,-11.50,0.75,0.38,-42.08,-11.21,-1.67,0.04,-25.42,1.75,0.00,1.00,0.00,0.00,-1.00,0.00,0.00
1,0,-9.00,15.00,12.70,-127.50,-22.58,-15.42,1.42,0.42,-18.25,-10.17,-2.25,-0.83,-21.50,-12.25,0.00,1.00,-1.00,0.00,0.00,0.00,0.00
1,0,3.00,0.00,-5.08,-69.04,-15.54,3.25,0.83,0.42,-3.29,8.83,-2.38,-0.50,-9.46,3.88,0.00,0.00,0.00,0.00,0.00,0.00,0.00
1,0,0.00,0.00,-12.70,266.10,16.88,3.60,-1.00,-1.05,32.12,19.33,2.12,1.31,57.45,42.50,0.00,0.00,1.00,0.00,0.00,1.00,0.00
0,0,4.00,15.00,0.00,5.17,13.82,-0.03,-6.46,-3.80,30.86,9.94,0.49,0.29,28.89,10.22,-1.00,1.00,1.00,0.00,0.00,-1.00,0.00
1,0,-3.00,10.00,-2.54,141.17,-12.00,-8.83,3.67,0.67,-14.17,15.17,3.50,2.50,53.83,79.17,1.00,0.00,1.00,0.00,-1.00,0.00,-1.00
1,0,5.00,-24.00,-5.08,137.94,26.08,18.19,0.57,-0.35,5.86,-1.56,-0.17,0.43,5.95,-1.73,0.00,0.00,0.00,0.00,0.00,1.00,0.00
0,0,-3.00,0.00,22.86,0.00,67.00,58.00,-2.00,0.00,-39.00,-20.00,0.00,0.00,-56.00,-36.00,-1.00,0.00,1.00,-1.00,-1.00,0.00,0.00
0,0,12.00,0.00,-5.08,0.00,-52.00,-24.00,-1.00,-1.00,-75.00,-45.00,-2.00,0.00,-61.00,-34.00,1.00,0.00,-1.00,-1.00,-1.00,0.00,0.00
0,0,8.00,0.00,-10.16,-650.50,-69.58,-28.33,4.33,1.58,-58.33,-2.50,0.42,0.25,-39.25,15.50,1.00,1.00,0.00,-1.00,0.00,-1.00,0.00
1,0,9.00,-10.00,-15.24,91.67,5.44,-4.22,4.00,1.22,38.89,10.22,-3.11,-1.44,24.89,0.11,1.00,0.00,1.00,0.00,-1.00,0.00,0.00
1,1,-2.00,0.00,2.54,203.00,20.22,18.56,1.44,1.11,23.56,3.89,5.11,1.22,39.56,18.33,0.00,0.00,0.00,0.00,0.00,-1.00,0.00
1,0,-8.00,0.00,5.08,295.28,59.14,19.36,2.92,1.36,9.69,2.89,0.28,0.56,16.50,8.58,0.00,0.00,1.00,-1.00,0.00,0.00,0.00
1,0,4.00,-5.00,-2.54,17.67,1.76,-0.55,-1.71,-0.97,8.77,0.14,1.71,0.06,-7.19,-13.24,-1.00,0.00,1.00,-1.00,0.00,1.00,0.00
1,0,1.00,0.00,15.24,0.00,48.00,3.00,-10.00,-4.00,44.00,23.00,-4.00,2.00,57.00,35.00,0.00,0.00,-1.00,1.00,0.00,0.00,0.00
1,0,-3.00,35.00,12.70,-193.31,-23.26,-30.69,2.64,1.07,-28.90,-21.52,-4.93,-1.81,-44.12,-34.12,1.00,-1.00,0.00,0.00,0.00,0.00,0.00
1,0,-5.00,15.00,-2.54,657.38,100.00,39.38,2.88,1.12,62.25,16.75,4.38,1.00,66.38,19.88,0.00,0.00,0.00,1.00,0.00,0.00,0.00
0,0,-5.00,10.00,5.08,-375.00,19.40,11.90,-4.10,-1.60,-22.10,-4.10,0.20,-0.40,-38.40,-17.90,-1.00,1.00,1.00,1.00,-1.00,-1.00,0.00
0,0,1.00,-1.00,-2.54,-13.03,-27.26,-24.05,1.20,0.53,4.73,8.11,-0.17,0.23,13.44,17.03,0.00,1.00,-1.00,0.00,0.00,0.00,0.00
1,1,-7.00,0.00,7.62,-45.54,51.46,7.50,-1.33,0.04,-3.17,-1.67,-0.50,-1.00,-5.42,-3.17,-1.00,0.00,0.00,0.00,0.00,0.00,0.00
1,0,7.00,0.00,-5.08,-217.25,-94.38,-48.88,1.25,0.81,-66.81,-2.25,0.44,-0.38,-54.88,9.12,1.00,1.00,0.00,-1.00,1.00,-1.00,0.00
1,0,-3.00,-2.00,10.16,265.28,75.12,39.81,1.82,0.54,60.74,19.91,-0.22,0.02,63.07,21.87,1.00,-1.00,0.00,0.00,0.00,0.00,0.00
1,0,-1.00,0.00,2.54,86.55,68.55,29.73,0.64,-0.09,71.00,38.09,1.18,0.27,77.45,43.82,0.00,0.00,1.00,-1.00,0.00,-1.00,0.00
1,0,5.00,10.00,10.16,-202.88,-39.88,-33.38,-3.88,-1.88,-40.62,-20.00,-1.75,-1.50,-53.12,-33.12,0.00,0.00,-1.00,0.00,1.00,0.00,0.00
1,0,6.00,0.00,-10.16,-78.50,-8.00,10.00,-5.50,-2.00,-1.00,-9.50,3.00,1.00,-34.00,-39.00,0.00,-1.00,0.00,-1.00,0.00,0.00,0.00
1,0,-5.00,0.00,10.16,-622.57,-68.71,-24.86,0.14,-0.43,-56.43,-22.57,-5.71,-1.57,-89.71,-49.71,0.00,0.00,1.00,-1.00,0.00,0.00,0.00
0,0,-2.00,0.00,2.54,483.33,89.33,22.89,1.11,0.44,11.00,8.11,0.56,4.22,18.89,15.67,-1.00,-1.00,1.00,-1.00,0.00,0.00,0.00
1,1,-1.00,15.00,-12.70,152.70,11.53,8.88,3.88,1.77,17.67,9.82,0.32,-0.07,25.95,17.52,0.00,1.00,0.00,0.00,0.00,0.00,0.00
1,0,6.00,0.00,-2.54,300.50,60.50,41.50,-1.50,0.00,39.50,9.50,4.00,2.00,55.17,21.83,-1.00,1.00,-1.00,1.00,0.00,0.00,0.00
1,0,2.00,0.00,7.62,395.43,37.43,16.29,5.29,3.00,25.29,6.86,-0.29,0.57,32.71,13.43,1.00,-1.00,-1.00,0.00,1.00,0.00,0.00
0,0,0.00,-23.00,12.70,-29.93,-0.87,2.99,1.28,0.51,-17.11,-18.90,-1.38,-0.44,-14.59,-16.52,1.00,0.00,0.00,0.00,-1.00,1.00,0.00
0,0,-1.00,-15.00,2.54,418.93,88.79,23.04,8.82,0.93,37.64,12.89,-1.36,0.39,61.43,35.14,1.00,0.00,-1.00,0.00,1.00,-1.00,0.00
0,0,3.00,20.00,12.70,181.50,-46.50,-28.00,-0.50,0.00,30.00,-27.00,1.50,-2.00,-1.00,-49.50,0.00,-1.00,-1.00,0.00,0.00,0.00,0.00
1,0,-12.00,0.00,10.16,21.66,44.49,24.98,-2.76,0.08,23.07,6.29,0.92,-0.15,35.33,17.84,1.00,0.00,1.00,0.00,0.00,0.00,0.00
1,1,-6.00,0.00,5.08,227.50,29.50,15.50,2.50,1.50,16.00,7.00,1.50,0.50,19.00,10.00,-1.00,0.00,-1.00,0.00,0.00,1.00,0.00
1,0,6.00,0.00,2.54,-111.08,-67.25,-22.54,0.08,0.08,-15.92,-5.58,-2.17,-1.38,-30.79,-18.71,0.00,1.00,1.00,0.00,0.00,1.00,0.00
0,0,10.00,0.00,20.32,-424.71,-62.14,18.29,-2.14,-0.29,-112.86,-66.00,3.86,1.57,-102.43,-57.43,-1.00,0.00,1.00,-1.00,0.00,0.00,0.00
1,0,-7.00,0.00,0.00,63.11,42.67,-1.56,0.78,0.22,21.00,5.44,0.33,-0.22,17.00,1.00,0.00,-1.00,-1.00,0.00,1.00,0.00,0.00
1,0,-1.00,-20.00,7.62,650.00,53.17,31.50,3.17,1.33,53.00,23.50,4.00,1.67,97.00,59.83,0.00,0.00,0.00,0.00,0.00,0.00,0.00
1,1,-6.00,0.00,10.16,-249.11,1.42,-5.66,1.85,1.32,-5.19,-1.66,-2.41,-0.59,-9.91,-7.58,0.00,0.00,-1.00,0.00,-1.00,0.00,0.00
1,1,-1.00,0.00,10.16,739.46,86.71,29.83,-1.79,-0.38,85.75,27.08,5.88,0.83,98.29,35.62,-1.00,1.00,1.00,0.00,0.00,0.00,0.00
0,0,8.00,-10.00,2.54,-308.50,-142.50,-52.50,2.00,1.50,-99.50,-30.50,-5.50,-4.00,-100.50,-31.00,1.00,0.00,0.00,-1.00,-1.00,-1.00,0.00
1,0,-5.00,0.00,5.08,-568.10,-119.95,-44.05,-2.38,-1.24,-80.62,-24.24,-3.38,-1.38,-95.10,-36.38,0.00,0.00,0.00,0.00,0.00,0.00,0.00
0,0,4.00,0.00,5.08,-68.83,6.00,1.33,-0.83,-0.17,-13.50,-14.33,0.00,0.33,-34.33,-31.17,0.00,0.00,-1.00,1.00,0.00,1.00,0.00
1,0,2.00,0.00,-5.08,-41.46,33.71,19.66,-3.00,-1.31,-10.57,-13.97,-0.57,-0.11,-28.37,-30.40,-1.00,0.00,1.00,-1.00,0.00,0.00,0.00
1,0,-3.00,0.00,15.24,-776.60,-93.50,-72.70,0.50,1.00,-199.20,-94.30,4.50,0.50,-174.50,-71.50,0.00,0.00,0.00,0.00,-1.00,-1.00,0.00
1,0,1.00,0.00,-15.24,45.51,-16.56,-11.72,1.69,0.96,16.60,-3.47,-1.23,-1.30,15.47,-4.57,0.00,0.00,1.00,-1.00,0.00,0.00,0.00
0,0,-1.00,-10.00,-5.08,0.00,-4.00,24.00,6.00,5.00,64.00,11.00,-14.00,-1.00,67.00,11.00,0.00,1.00,0.00,0.00,0.00,0.00,0.00
1,1,-3.00,-34.00,12.70,-24.12,3.38,10.12,0.62,-0.12,-14.88,-9.50,-3.12,-0.25,-18.12,-9.88,1.00,1.00,0.00,0.00,0.00,1.00,0.00
1,0,-3.00,0.00,25.40,-421.00,5.50,-11.50,-5.50,-2.00,-10.50,-3.50,2.00,2.50,-59.00,-49.00,0.00,0.00,0.00,0.00,0.00,-1.00,0.00
0,0,0.00,0.00,-10.16,204.35,17.35,17.45,1.65,0.60,35.10,3.30,2.80,0.90,41.45,7.15,1.00,0.00,-1.00,1.00,0.00,0.00,0.00
1,0,1.00,10.00,2.54,19.00,-10.20,-1.20,-1.30,-0.40,12.80,13.20,0.40,0.00,5.70,8.40,0.00,0.00,1.00,-1.00,0.00,0.00,0.00
1,1,-5.00,25.00,-2.54,-736.60,-188.10,-55.30,0.80,0.20,-141.40,-44.80,-1.20,1.10,-130.50,-35.40,-1.00,0.00,1.00,-1.00,0.00,0.00,0.00
0,1,-1.00,15.00,-12.70,36.77,-3.08,1.15,4.38,1.85,-5.77,3.08,-1.00,-0.38,1.54,9.92,0.00,1.00,0.00,0.00,0.00,0.00,0.00
0,0,8.00,0.00,0.00,7.20,-46.60,-27.53,1.47,0.67,-67.60,-8.00,-5.20,-0.60,-60.93,1.60,0.00,0.00,1.00,-1.00,0.00,0.00,0.00
1,0,-8.00,0.00,7.62,-222.08,-37.42,-6.33,2.00,1.08,-30.33,-11.25,-6.00,-1.92,-34.25,-10.75,1.00,0.00,1.00,0.00,0.00,0.00,0.00
1,0,-1.00,10.00,15.24,-98.50,41.50,13.33,-0.33,-0.17,-22.33,-17.33,-3.50,-0.50,-45.17,-35.83,0.00,-1.00,0.00,1.00,0.00,0.00,0.00
1,0,-3.00,-10.00,-5.08,255.92,77.11,21.53,6.69,1.88,46.15,-0.74,-2.16,0.10,12.99,-31.55,1.00,0.00,1.00,1.00,0.00,0.00,0.00
1,0,-4.00,10.00,5.08,-350.83,-38.50,4.67,-8.17,-5.67,-75.67,-26.50,-1.67,0.50,-73.67,-24.83,-1.00,1.00,1.00,1.00,0.00,0.00,0.00
1,0,-4.00,0.00,12.70,-148.47,-63.58,-19.75,-3.25,-0.89,-31.00,-11.11,-1.50,-0.50,-36.78,-16.56,-1.00,1.00,1.00,-1.00,0.00,0.00,0.00
1,0,1.00,0.00,5.08,-107.91,9.53,14.77,-1.40,-0.51,23.46,18.74,-0.39,-1.12,3.30,-0.15,-1.00,0.00,0.00,0.00,0.00,0.00,0.00
1,0,0.00,0.00,-5.08,-200.35,2.15,1.94,-4.15,-1.86,34.89,10.95,1.15,-0.34,45.71,21.14,1.00,0.00,-1.00,1.00,0.00,-1.00,0.00
0,0,-1.00,24.00,7.62,89.67,-5.47,6.80,1.07,-0.13,22.40,25.47,-1.07,0.47,42.67,43.80,0.00,0.00,0.00,0.00,1.00,0.00,0.00
1,0,0.00,0.00,15.24,707.33,162.00,70.00,-1.67,0.33,102.00,44.67,5.33,1.00,120.00,59.00,0.00,0.00,1.00,1.00,0.00,-1.00,0.00
1,0,-4.00,0.00,-2.54,582.50,69.50,38.50,1.50,0.50,51.00,16.50,0.50,1.00,60.00,25.50,0.00,-1.00,0.00,0.00,0.00,0.00,0.00
0,0,3.00,0.00,-10.16,114.87,-29.67,-16.60,0.80,-0.33,-3.87,4.60,0.27,0.53,16.13,24.20,1.00,1.00,0.00,1.00,-1.00,1.00,0.00
1,0,-7.00,0.00,15.24,157.50,55.75,17.68,1.85,0.63,7.50,-6.88,3.23,1.45,10.72,-5.78,-1.00,1.00,0.00,0.00,-1.00,-1.00,0.00
1,0,2.00,2.00,0.00,149.08,19.67,17.50,0.55,0.61,-13.26,-11.01,1.49,-0.35,-4.27,-5.44,0.00,-1.00,1.00,-1.00,-1.00,0.00,0.00
0,0,1.00,0.00,0.00,432.70,45.97,27.43,-0.40,0.73,-2.83,-0.70,3.27,1.20,4.33,5.47,1.00,0.00,0.00,1.00,0.00,0.00,0.00
0,0,-3.00,-15.00,-12.70,148.08,11.17,6.58,-6.00,-2.33,31.50,0.67,3.67,1.00,13.58,-16.58,-1.00,-1.00,0.00,0.00,1.00,0.00,0.00
1,0,5.00,0.00,-10.16,-451.00,-58.00,-27.33,1.67,1.00,-42.00,-8.33,-3.33,-0.67,-30.67,-1.00,1.00,1.00,0.00,-1.00,0.00,0.00,0.00
0,0,2.00,0.00,5.08,-70.75,10.42,19.58,-3.00,-0.92,-30.83,-23.83,-1.92,-1.42,-48.42,-40.92,0.00,-1.00,0.00,0.00,0.00,0.00,0.00
1,0,4.00,-15.00,-10.16,-51.32,6.85,4.64,-1.53,-0.09,49.36,20.79,0.90,0.29,47.84,19.02,-1.00,0.00,0.00,1.00,0.00,0.00,0.00
0,0,-3.00,0.00,2.54,432.38,47.50,19.38,3.75,1.75,29.50,9.50,0.75,0.50,38.38,17.62,1.00,-1.00,0.00,-1.00,1.00,-1.00,0.00
1,0,5.00,0.00,5.08,117.86,66.83,22.94,2.31,1.16,30.17,3.31,0.06,-0.24,21.29,-6.31,0.00,0.00,0.00,-1.00,0.00,-1.00,0.00
1,0,-3.00,15.00,0.00,-23.09,-78.34,-32.90,2.22,0.88,-33.62,-16.71,-3.75,-0.85,-40.21,-22.09,-1.00,1.00,1.00,-1.00,0.00,0.00,0.00
1,0,-3.00,13.00,7.62,85.29,14.62,4.74,-1.00,-0.12,-2.76,2.14,-0.33,-0.21,7.62,12.14,1.00,0.00,1.00,-1.00,0.00,0.00,0.00
0,0,-6.00,15.00,12.70,220.98,67.06,22.61,0.90,-0.84,54.78,20.51,3.43,1.92,52.82,18.59,-1.00,0.00,-1.00,1.00,0.00,0.00,0.00
1,0,3.00,0.00,-5.08,814.60,119.60,30.60,8.80,1.80,90.40,36.60,1.60,1.00,111.20,56.40,0.00,0.00,0.00,-1.00,1.00,0.00,0.00
0,0,6.00,23.00,-20.32,-46.64,-39.17,-20.89,-1.56,-1.42,-15.97,-0.22,0.83,0.53,-16.06,-0.36,-1.00,1.00,0.00,0.00,1.00,0.00,0.00
1,0,-4.00,0.00,10.16,-177.17,15.83,10.50,-4.67,-1.67,0.83,-2.50,1.83,-0.50,-8.67,-12.50,0.00,0.00,1.00,-1.00,0.00,0.00,0.00
1,0,8.00,-10.00,-15.24,820.41,118.88,41.82,6.88,2.39,107.89,28.57,2.57,0.95,116.77,36.68,1.00,0.00,0.00,1.00,0.00,0.00,0.00
0,1,9.00,0.00,-2.54,9.21,-22.39,1.49,-3.35,-2.41,-12.01,-1.50,2.16,0.69,8.31,16.82,-1.00,0.00,1.00,0.00,1.00,0.00,0.00
0,0,2.00,9.00,0.00,22.00,-10.04,-12.96,1.25,0.54,35.33,10.67,0.08,0.00,38.17,13.25,0.00,0.00,-1.00,1.00,0.00,0.00,0.00
1,0,0.00,0.00,2.54,2.75,2.50,-15.00,-1.25,-1.00,-65.25,-44.00,-3.00,0.25,-79.75,-58.25,0.00,1.00,1.00,1.00,-1.00,0.00,0.00
0,0,-1.00,0.00,10.16,205.20,25.38,17.97,0.04,1.48,-0.95,2.65,1.34,0.58,1.21,4.79,1.00,-1.00,0.00,0.00,0.00,0.00,0.00
0,0,-1.00,1.00,0.00,-65.50,13.00,11.00,-1.00,0.00,-16.50,-12.00,0.50,-0.50,-31.50,-22.50,0.00,-1.00,0.00,0.00,-1.00,-1.00,0.00
0,0,-3.00,0.00,0.00,225.13,1.80,3.27,6.07,3.00,23.87,7.13,-5.73,-1.53,16.93,4.60,1.00,-1.00,0.00,-1.00,0.00,0.00,0.00
1,1,-5.00,0.00,5.08,32.82,-29.41,-7.00,-5.85,-1.56,-23.49,3.49,4.95,-1.03,8.05,27.92,-1.00,0.00,0.00,-1.00,0.00,0.00,0.00
0,0,2.00,0.00,5.08,-245.10,-18.30,-4.40,1.00,0.30,24.30,6.10,-8.00,-2.20,55.70,32.90,0.00,-1.00,-1.00,0.00,-1.00,1.00,0.00
1,0,-8.00,0.00,-5.08,-326.40,-27.00,-3.20,-0.60,0.60,-50.00,-20.80,-3.20,-1.20,-88.00,-52.60,1.00,0.00,-1.00,0.00,1.00,0.00,0.00
1,0,-7.00,0.00,-5.08,95.50,21.17,12.17,-1.00,-0.83,6.67,14.67,4.00,0.67,24.50,34.67,0.00,1.00,0.00,1.00,0.00,0.00,0.00
1,1,-2.00,-10.00,0.00,570.33,3.00,19.33,6.00,3.17,27.33,11.33,4.83,2.50,82.83,60.00,1.00,-1.00,0.00,0.00,1.00,0.00,0.00
0,0,1.00,0.00,-7.62,490.50,-14.23,-17.09,-0.05,-0.95,68.14,32.23,4.95,1.18,87.32,48.59,0.00,-1.00,1.00,-1.00,-1.00,0.00,0.00
1,0,2.00,-23.00,-5.08,-195.77,-8.54,-4.27,-3.17,-0.60,-26.08,-21.06,-1.42,-1.52,-56.52,-48.65,0.00,0.00,-1.00,1.00,0.00,0.00,0.00
1,0,-4.00,15.00,-2.54,108.86,-58.52,-35.19,1.86,1.43,-65.14,-42.86,3.33,2.52,-39.43,-17.33,0.00,0.00,0.00,0.00,0.00,0.00,0.00
1,0,2.00,0.00,-2.54,-316.14,-102.45,-39.22,-2.79,-1.15,-65.14,-12.64,-2.08,-0.79,-64.19,-10.59,0.00,0.00,-1.00,1.00,0.00,0.00,0.00
1,0,-13.00,0.00,0.00,27.30,25.48,6.35,0.43,0.27,19.92,0.50,-1.49,-0.34,-2.51,-21.40,0.00,0.00,0.00,0.00,0.00,-1.00,0.00
0,0,-1.00,-15.00,15.24,374.66,71.16,22.51,-3.66,-1.83,37.26,16.23,1.84,2.16,49.93,27.51,-1.00,-1.00,0.00,0.00,0.00,0.00,0.00
1,0,1.00,0.00,0.00,225.50,53.00,26.60,-3.40,-0.80,16.40,12.70,-0.80,-0.10,30.90,26.40,-1.00,-1.00,0.00,0.00,0.00,1.00,0.00
0,0,3.00,-15.00,-5.08,-267.40,-15.43,-10.42,-6.51,-1.13,6.35,0.29,0.63,-0.07,-11.51,-15.88,0.00,-1.00,0.00,1.00,1.00,0.00,0.00
1,0,4.00,0.00,0.00,6.85,10.97,-3.36,-0.33,0.18,31.05,9.04,-3.13,-1.32,20.10,-0.55,0.00,0.00,1.00,0.00,0.00,0.00,0.00
1,0,0.00,-25.00,2.54,723.50,92.50,6.72,-6.06,-0.33,79.83,32.61,1.44,-1.17,76.00,30.94,0.00,0.00,0.00,1.00,0.00,0.00,0.00
1,0,-3.00,-28.00,0.00,409.40,42.50,40.40,-0.40,-0.30,-20.90,-19.70,-2.00,-0.80,-1.30,0.60,1.00,-1.00,0.00,-1.00,-1.00,0.00,0.00
1,0,0.00,0.00,5.08,133.42,-4.79,0.50,-5.03,-0.86,-3.64,-5.11,0.48,-0.70,-14.50,-15.39,0.00,0.00,0.00,0.00,1.00,0.00,0.00
1,0,-4.00,10.00,-5.08,-772.00,-66.00,-40.00,3.00,2.00,-68.00,-25.00,-9.00,-2.00,-117.00,-68.00,0.00,1.00,0.00,0.00,1.00,1.00,0.00
1,0,-1.00,0.00,7.62,-162.71,-75.01,-14.45,-2.31,-0.55,-22.41,4.30,-3.82,-0.88,-33.44,-5.35,-1.00,1.00,1.00,-1.00,0.00,0.00,0.00
0,0,-7.00,0.00,5.08,230.16,37.75,22.57,1.97,0.59,18.63,3.51,1.33,-0.13,39.65,21.79,0.00,1.00,0.00,0.00,0.00,0.00,0.00
1,0,-1.00,-10.00,-5.08,-344.32,-34.93,-17.50,-5.98,-2.04,-21.11,-24.99,-2.65,-2.17,-36.83,-39.27,0.00,0.00,0.00,0.00,0.00,0.00,0.00
0,0,5.00,-5.00,-2.54,67.25,6.83,8.25,-0.46,-0.21,-9.75,-6.62,0.79,0.67,-10.88,-8.42,0.00,0.00,0.00,0.00,0.00,0.00,0.00
1,1,-1.00,0.00,7.62,-486.00,-28.00,-16.00,-6.00,-2.00,-36.00,-31.00,-1.00,-1.00,-96.00,-85.00,-1.00,-1.00,-1.00,-1.00,0.00,1.00,0.00
1,1,-9.00,0.00,2.54,-24.37,19.69,-2.60,3.26,2.16,7.04,0.97,-2.36,-0.71,-12.20,-16.49,1.00,0.00,-1.00,0.00,-1.00,0.00,0.00
0,0,5.00,1.00,-20.32,227.25,38.92,15.33,0.42,0.67,8.17,-4.42,2.50,0.17,6.00,-7.00,0.00,-1.00,0.00,0.00,-1.00,-1.00,0.00
1,0,-2.00,0.00,2.54,196.65,7.90,-2.43,1.06,0.04,53.81,18.19,0.33,-0.00,48.63,12.94,0.00,0.00,0.00,0.00,0.00,0.00,0.00
1,0,-11.00,0.00,-2.54,157.00,23.12,5.83,-0.50,0.67,-0.50,-4.38,0.46,0.21,-6.96,-9.62,1.00,-1.00,-1.00,0.00,-1.00,0.00,0.00
0,0,6.00,-15.00,-15.24,180.43,-6.52,-13.36,1.81,1.55,40.38,-0.41,-1.17,-2.04,45.89,3.79,1.00,-1.00,0.00,-1.00,0.00,0.00,0.00
0,0,-2.00,-30.00,-17.78,-383.55,-6.95,-8.00,-2.32,-2.50,-37.68,-27.32,-1.18,-0.14,-98.14,-86.05,-1.00,-1.00,0.00,0.00,0.00,0.00,0.00
1,1,-2.00,0.00,2.54,434.95,1.39,24.46,3.95,3.86,48.96,11.98,4.68,1.27,89.36,47.21,0.00,-1.00,-1.00,-1.00,1.00,0.00,0.00
0,0,2.00,10.00,2.54,-7.36,6.79,17.29,-0.79,-0.50,1.00,-2.50,0.14,0.00,1.29,-4.14,-1.00,-1.00,0.00,0.00,0.00,0.00,0.00
0,0,-5.00,0.00,5.08,147.72,11.32,10.50,-1.42,-1.32,50.00,30.30,1.58,1.47,58.52,38.07,-1.00,1.00,1.00,0.00,0.00,0.00,0.00
0,0,2.00,-15.00,7.62,-178.03,6.33,16.72,-3.83,-1.11,0.61,20.67,-1.28,-0.56,-5.94,14.47,0.00,0.00,0.00,0.00,0.00,0.00,0.00
1,0,-2.00,0.00,7.62,364.00,60.56,20.94,-0.94,-0.31,17.44,12.12,1.56,3.12,36.62,30.50,-1.00,0.00,0.00,0.00,0.00,0.00,0.00
0,0,2.00,10.00,-5.08,-252.27,-35.62,-14.80,2.16,1.04,-6.07,-5.30,-3.75,-0.73,-21.25,-17.75,-1.00,1.00,0.00,0.00,0.00,0.00,0.00
0,0,-1.00,0.00,7.62,-96.53,-19.73,-5.13,0.13,1.13,-28.73,-18.73,-1.40,-0.13,-13.33,-4.53,0.00,0.00,-1.00,0.00,1.00,-1.00,0.00
1,1,0.00,0.00,-5.08,675.42,63.50,21.33,0.25,-0.42,79.33,22.33,8.08,1.00,107.17,45.58,0.00,0.00,0.00,0.00,0.00,-1.00,0.00
0,0,-2.00,0.00,-12.70,360.00,33.33,20.00,3.00,1.67,31.00,7.67,-5.67,0.33,56.33,37.67,0.00,1.00,-1.00,0.00,0.00,1.00,0.00
1,1,-3.00,0.00,2.54,124.70,21.40,15.10,1.85,1.50,-33.10,-17.90,-2.25,-0.50,-30.50,-15.30,-1.00,0.00,0.00,0.00,0.00,0.00,0.00
1,0,2.00,20.00,0.00,40.60,-34.24,16.56,-1.36,0.16,-17.53,-4.87,1.80,1.09,-22.02,-9.13,-1.00,0.00,0.00,0.00,0.00,0.00,0.00
0,0,-2.00,0.00,-5.08,-469.22,-35.33,-18.44,-4.85,-2.33,-12.80,0.53,0.98,0.85,-8.51,3.25,0.00,0.00,-1.00,0.00,0.00,0.00,0.00
0,0,1.00,0.00,0.00,-253.90,-109.23,-33.35,-3.46,0.75,-47.54,-22.81,-0.27,-0.33,-55.35,-31.60,-1.00,0.00,0.00,0.00,-1.00,0.00,0.00
0,0,-1.00,14.00,2.54,-170.53,-20.50,-12.26,1.15,0.10,7.02,8.37,-1.48,-0.56,14.34,15.22,-1.00,0.00,-1.00,0.00,0.00,0.00,0.00
1,0,-4.00,35.00,5.08,-90.87,-18.47,-13.60,3.27,0.87,-1.27,5.33,0.40,0.73,-4.87,2.13,-1.00,0.00,0.00,0.00,0.00,0.00,0.00
0,1,3.00,0.00,-5.08,733.86,126.64,56.50,2.89,1.50,76.14,24.71,2.43,0.00,76.71,23.71,1.00,0.00,0.00,1.00,0.00,0.00,0.00
1,0,3.00,0.00,5.08,-72.07,35.91,26.00,-1.77,0.43,13.52,5.82,0.70,-0.27,8.80,1.27,0.00,1.00,0.00,1.00,1.00,0.00,0.00
1,0,-1.00,15.00,12.70,-25.73,34.82,20.73,-0.22,-0.65,7.88,7.33,1.85,0.83,-4.23,-4.45,-1.00,0.00,-1.00,1.00,0.00,0.00,0.00
1,0,-3.00,0.00,10.16,345.07,-13.04,-13.52,0.14,0.23,19.39,16.23,0.20,1.50,55.61,49.43,1.00,1.00,0.00,1.00,1.00,0.00,0.00
0,0,-1.00,-20.00,0.00,-344.00,22.83,3.17,-5.50,-1.67,-45.33,-33.33,-2.00,-2.17,-87.17,-71.33,1.00,0.00,-1.00,1.00,0.00,0.00,0.00
1,0,-1.00,0.00,7.62,-104.00,6.50,-4.33,1.50,-0.17,-35.00,-9.00,1.33,-0.83,-31.67,-3.33,-1.00,-1.00,0.00,-1.00,0.00,-1.00,0.00
1,0,-3.00,0.00,5.08,150.00,-32.25,-13.75,-1.50,0.00,-58.00,-38.25,3.75,3.50,-16.00,-3.75,0.00,0.00,0.00,0.00,0.00,0.00,0.00
1,0,2.00,20.00,-2.54,86.20,-43.00,-12.62,3.33,1.93,-52.09,-13.49,-2.24,-0.67,-45.89,-6.56,1.00,-1.00,-1.00,0.00,0.00,0.00,0.00
1,0,3.00,0.00,5.08,-157.57,38.21,1.93,-6.07,-1.98,8.82,-9.82,0.75,-1.59,-3.89,-21.50,0.00,0.00,0.00,1.00,0.00,0.00,0.00
0,0,7.00,-15.00,-15.24,199.83,-0.33,0.33,3.17,-0.25,13.92,6.00,0.92,0.33,22.00,14.25,-1.00,0.00,0.00,0.00,0.00,0.00,0.00
0,1,1.00,15.00,2.54,20.40,23.25,11.76,1.67,0.38,26.33,8.76,2.04,-0.58,31.49,14.42,0.00,1.00,-1.00,1.00,0.00,0.00,0.00
1,0,-1.00,0.00,5.08,283.44,84.22,26.89,1.22,1.22,77.00,28.67,0.67,-1.67,50.00,8.00,0.00,1.00,1.00,0.00,0.00,-1.00,0.00
1,0,7.00,-20.00,-10.16,-91.80,-25.33,-11.40,-1.13,-0.87,-4.50,2.09,0.09,0.20,-2.41,3.47,-1.00,0.00,-1.00,0.00,0.00,0.00,0.00
1,1,-1.00,0.00,10.16,600.00,67.50,27.00,-3.00,-2.00,65.00,39.00,7.50,1.00,91.50,57.00,-1.00,1.00,1.00,0.00,0.00,0.00,0.00
0,0,1.00,32.00,-12.70,92.05,3.15,-0.50,0.40,0.10,55.05,26.75,1.20,0.65,62.25,33.85,-1.00,0.00,-1.00,1.00,1.00,-1.00,0.00
0,1,2.00,-25.00,-5.08,88.09,24.33,3.88,2.82,-0.82,80.03,19.00,-1.67,-0.09,73.15,12.33,0.00,0.00,0.00,0.00,0.00,0.00,0.00
0,0,5.00,0.00,-2.54,301.58,14.20,12.48,-3.55,-1.50,38.72,24.70,4.85,0.65,48.95,32.38,0.00,0.00,1.00,0.00,0.00,0.00,0.00
1,0,4.00,-10.00,-5.08,0.00,119.00,54.00,2.00,1.00,112.00,23.00,2.00,1.00,62.00,-22.00,1.00,-1.00,0.00,1.00,0.00,0.00,0.00
1,0,-2.00,15.00,2.54,565.00,18.18,5.50,1.50,1.55,5.36,0.09,6.55,3.45,41.45,35.36,0.00,0.00,1.00,-1.00,0.00,0.00,0.00
1,0,-1.00,0.00,7.62,48.82,9.54,12.18,2.33,1.42,-7.12,2.33,0.94,-0.46,-22.72,-12.65,0.00,0.00,1.00,0.00,0.00,0.00,0.00
0,0,-2.00,0.00,15.24,-112.55,5.58,0.92,-0.34,-0.26,-59.66,-25.58,1.79,1.00,-64.74,-32.05,-1.00,1.00,0.00,1.00,0.00,-1.00,0.00
1,0,-1.00,15.00,-7.62,5.82,-12.11,0.40,3.27,1.80,-16.62,-2.07,-1.64,-0.16,-10.80,4.29,0.00,1.00,0.00,0.00,0.00,0.00,0.00
0,0,-3.00,-9.00,-2.54,278.40,49.20,20.40,1.80,1.40,-9.40,-8.80,-0.60,-1.00,-26.20,-17.40,1.00,0.00,0.00,0.00,-1.00,-1.00,0.00
1,0,6.00,0.00,5.08,669.62,56.38,26.54,6.06,3.25,40.60,18.92,-0.56,0.73,51.60,30.81,1.00,-1.00,0.00,0.00,0.00,-1.00,0.00
1,0,0.00,0.00,2.54,-703.00,-104.67,-73.33,-1.33,-0.67,-104.33,-55.00,-5.33,-2.00,-124.67,-72.33,1.00,0.00,0.00,0.00,1.00,0.00,0.00
1,0,4.00,-15.00,-12.70,-90.11,-11.22,-12.67,0.22,0.00,-22.67,-8.78,-0.22,-1.67,-37.56,-20.11,0.00,-1.00,0.00,0.00,0.00,0.00,0.00
1,0,1.00,0.00,0.00,288.85,34.23,10.54,0.62,0.15,6.38,0.15,0.77,0.77,23.00,16.00,1.00,0.00,1.00,-1.00,0.00,0.00,0.00
0,0,10.00,-15.00,-15.24,278.49,18.91,9.71,-2.55,-1.56,32.39,14.97,3.18,0.98,42.59,25.80,-1.00,0.00,-1.00,0.00,0.00,0.00,0.00
0,0,6.00,0.00,-7.62,434.00,12.51,21.33,2.97,1.10,51.13,27.94,0.27,1.60,69.21,44.70,0.00,1.00,1.00,-1.00,-1.00,0.00,0.00
1,1,2.00,0.00,-15.24,525.44,51.29,17.59,0.94,1.73,28.44,6.50,3.29,0.35,33.03,11.14,1.00,0.00,1.00,0.00,0.00,0.00,0.00
0,0,5.00,-10.00,-17.78,-245.00,-20.75,-23.00,1.75,0.25,25.00,8.50,-1.50,0.00,24.00,8.50,1.00,-1.00,1.00,0.00,0.00,0.00,0.00
0,0,6.00,0.00,-15.24,12.19,-8.06,3.64,2.67,-1.19,-10.31,-0.14,1.58,1.33,7.33,17.86,0.00,0.00,1.00,0.00,0.00,0.00,0.00
0,1,8.00,0.00,-7.62,246.00,-48.00,-17.33,3.00,-0.67,16.67,0.67,2.67,1.67,13.67,-2.67,1.00,0.00,0.00,0.00,0.00,0.00,0.00
0,0,-4.00,0.00,10.16,115.22,1.67,8.85,-0.54,1.08,2.82,2.29,2.19,0.01,11.30,10.18,0.00,0.00,1.00,0.00,0.00,1.00,0.00
1,0,8.00,15.00,-5.08,-40.64,38.73,11.45,-0.18,-0.36,56.55,18.91,-3.55,-1.55,19.55,-14.82,0.00,-1.00,0.00,-1.00,1.00,0.00,0.00
1,1,2.00,-20.00,7.62,-174.21,-36.60,-5.90,-5.81,-3.19,0.33,1.99,1.87,0.01,2.86,2.77,-1.00,1.00,1.00,0.00,1.00,0.00,0.00
0,0,-2.00,20.00,-2.54,-56.72,-20.01,-17.71,-0.81,-0.52,12.08,3.21,-0.64,0.14,14.66,6.07,0.00,0.00,0.00,-1.00,-1.00,0.00,0.00
1,0,2.00,-20.00,2.54,69.53,60.29,22.61,2.02,1.38,40.53,7.88,-0.56,-0.83,31.43,-0.65,0.00,0.00,1.00,0.00,0.00,0.00,0.00
0,1,2.00,0.00,-2.54,-316.33,-16.00,-11.80,1.73,-1.60,-36.33,-15.13,-7.73,-3.00,-97.60,-69.20,0.00,1.00,1.00,1.00,-1.00,0.00,0.00
1,0,-4.00,-25.00,0.00,194.18,28.46,13.16,2.89,0.88,21.07,12.57,-0.30,0.93,16.84,9.21,-1.00,0.00,0.00,0.00,0.00,0.00,0.00
1,0,5.00,-20.00,0.00,131.72,-5.61,9.06,-3.64,-1.22,-9.94,3.22,2.83,0.25,-2.97,9.67,0.00,1.00,1.00,0.00,1.00,0.00,0.00
1,1,-2.00,25.00,5.08,19.25,8.58,3.58,-4.33,-0.08,-54.42,-9.67,3.33,0.92,-49.25,-4.67,0.00,0.00,0.00,0.00,0.00,0.00,0.00
1,0,-2.00,1.00,17.78,-119.29,-27.10,-8.24,-1.41,0.37,-83.14,-30.76,-0.20,-0.04,-69.69,-18.51,0.00,0.00,0.00,-1.00,-1.00,0.00,0.00
1,0,0.00,35.00,0.00,245.67,40.00,18.00,-0.67,-0.67,21.83,6.17,3.83,2.17,23.17,6.00,0.00,0.00,-1.00,0.00,0.00,0.00,0.00
1,0,-2.00,0.00,-7.62,265.42,-7.62,1.47,-2.81,-1.38,0.62,2.03,2.41,0.78,10.17,9.48,0.00,0.00,1.00,0.00,0.00,0.00,0.00
0,0,5.00,0.00,0.00,21.42,45.00,12.42,-2.25,-1.33,-32.50,-16.25,1.92,2.33,-69.33,-47.17,-1.00,0.00,-1.00,1.00,0.00,0.00,0.00
1,0,-1.00,35.00,10.16,-393.62,-25.29,-4.71,0.67,0.79,-34.54,-20.96,-2.75,-2.29,-60.79,-44.42,0.00,0.00,0.00,0.00,-1.00,0.00,0.00
1,0,-15.00,-20.00,-2.54,41.75,8.73,5.39,-2.59,-1.06,5.76,0.93,2.31,0.03,4.08,-0.41,0.00,1.00,1.00,0.00,1.00,0.00,0.00
1,0,-2.00,0.00,-2.54,-114.17,46.25,9.00,-5.17,-2.50,6.58,-0.67,-0.08,1.92,-2.58,-10.33,0.00,-1.00,0.00,0.00,0.00,-1.00,0.00
1,0,8.00,0.00,0.00,18.70,-20.24,-0.09,-1.03,-0.32,-15.42,5.21,1.23,0.32,10.13,29.22,0.00,0.00,0.00,0.00,0.00,0.00,0.00
1,0,0.00,15.00,0.00,-72.91,25.70,12.34,0.29,-1.24,14.86,6.26,2.70,1.33,24.79,16.96,1.00,0.00,1.00,0.00,0.00,0.00,0.00
0,0,5.00,0.00,-15.24,572.33,69.00,34.33,6.83,3.17,52.33,29.50,4.50,2.17,77.67,50.83,1.00,-1.00,-1.00,0.00,0.00,0.00,0.00
1,0,2.00,50.00,-2.54,-335.83,-83.83,-41.25,-1.00,-0.33,-59.25,-32.58,-4.42,-0.75,-48.00,-21.00,-1.00,-1.00,1.00,-1.00,0.00,0.00,0.00
1,1,2.00,0.00,7.62,270.67,29.42,23.08,-0.33,-0.25,20.00,2.25,2.58,0.25,29.17,8.92,0.00,0.00,1.00,-1.00,1.00,0.00,0.00
0,0,-4.00,0.00,0.00,-270.73,39.11,-2.95,-3.75,-2.42,18.51,1.89,-0.82,1.47,7.31,-8.64,0.00,0.00,-1.00,1.00,0.00,-1.00,0.00
0,1,-2.00,-10.00,-5.08,176.33,59.89,30.11,4.33,0.56,20.33,3.00,1.89,1.67,7.11,-8.33,0.00,1.00,1.00,1.00,0.00,0.00,0.00
1,0,1.00,0.00,0.00,283.25,35.74,8.05,5.79,0.58,20.16,8.89,-1.28,0.36,44.32,30.31,0.00,1.00,-1.00,0.00,0.00,0.00,0.00
0,0,8.00,-15.00,-12.70,275.50,-24.88,-4.50,0.25,0.25,28.62,15.88,1.00,0.00,37.88,24.50,-1.00,-1.00,1.00,0.00,0.00,0.00,0.00
0,0,-1.00,-15.00,-15.24,-13.01,3.95,3.27,-4.25,-2.22,26.05,6.40,3.90,0.24,46.47,26.45,-1.00,1.00,0.00,0.00,0.00,0.00,0.00
0,0,4.00,-10.00,-7.62,26.92,21.75,-18.42,-0.42,-0.58,8.33,-1.50,0.83,0.58,15.25,4.08,0.00,0.00,0.00,0.00,0.00,0.00,0.00
0,0,2.00,-33.00,2.54,95.78,-2.72,1.06,-2.06,-0.03,-30.67,-18.28,0.61,-1.08,-26.36,-14.22,0.00,-1.00,1.00,0.00,-1.00,0.00,0.00
0,0,4.00,-30.00,-15.24,198.75,-6.50,5.20,-1.65,-0.05,12.50,9.25,0.90,-0.45,38.20,33.55,0.00,0.00,0.00,-1.00,0.00,0.00,0.00
0,0,-1.00,0.00,15.24,41.25,39.83,40.00,-5.83,-0.67,-18.00,-9.00,3.25,0.75,-24.58,-16.00,0.00,-1.00,0.00,0.00,-1.00,0.00,0.00
0,0,5.00,0.00,-10.16,126.00,3.25,6.25,-1.50,-0.75,46.00,25.50,3.25,1.50,56.00,34.00,1.00,-1.00,0.00,1.00,0.00,-1.00,0.00
0,0,1.00,0.00,-2.54,-25.68,-14.60,7.71,4.67,1.95,-17.76,-3.89,-8.52,-2.36,-10.34,8.70,1.00,-1.00,0.00,-1.00,0.00,0.00,0.00
0,0,16.00,0.00,-12.70,258.50,2.60,3.80,3.30,1.30,13.90,4.40,-0.90,0.30,36.70,27.10,1.00,0.00,0.00,-1.00,-1.00,1.00,0.00
0,0,5.00,-15.00,17.78,254.50,13.51,4.42,0.47,0.32,-8.92,-4.47,-0.40,0.28,-8.36,-4.44,0.00,-1.00,-1.00,0.00,0.00,0.00,0.00
1,0,-2.00,15.00,7.62,161.11,10.86,-9.57,2.04,0.25,3.68,0.29,2.32,2.25,13.50,9.14,0.00,0.00,-1.00,1.00,0.00,0.00,0.00
1,0,-3.00,24.00,5.08,-234.72,-37.94,-10.28,-1.06,0.00,-62.22,-15.39,0.17,0.11,-58.28,-11.94,-1.00,0.00,0.00,-1.00,0.00,-1.00,0.00
0,0,-7.00,0.00,15.24,139.57,-18.90,-13.51,-0.09,-0.19,-12.63,-1.52,1.14,1.49,11.89,19.89,0.00,1.00,1.00,0.00,1.00,0.00,0.00
1,0,7.00,-5.00,-2.54,195.80,-6.40,-3.40,1.40,0.40,62.40,23.40,-0.80,0.00,72.00,32.20,0.00,0.00,0.00,0.00,0.00,1.00,0.00
0,0,0.00,-15.00,2.54,-234.80,-47.70,-29.00,-0.20,-1.20,24.10,5.30,-8.80,-2.90,18.80,1.90,0.00,0.00,0.00,-1.00,0.00,0.00,0.00
1,0,7.00,0.00,-2.54,385.75,69.00,43.00,-0.50,0.75,60.75,27.00,1.00,-0.50,59.00,25.25,0.00,0.00,0.00,0.00,0.00,0.00,0.00
1,1,-3.00,-10.00,-5.08,158.70,55.30,29.50,3.30,0.50,16.90,0.30,2.30,1.50,7.20,-7.90,0.00,1.00,1.00,1.00,0.00,0.00,0.00
0,0,10.00,0.00,-7.62,315.42,59.00,23.33,3.50,1.08,80.17,26.58,-1.50,-0.42,78.83,24.50,1.00,0.00,0.00,-1.00,-1.00,0.00,0.00
1,0,0.00,-10.00,-10.16,0.00,47.00,37.00,14.00,4.00,-20.00,-4.00,-10.00,-2.00,-24.00,-11.00,0.00,0.00,0.00,1.00,0.00,0.00,0.00
1,0,-5.00,0.00,2.54,53.08,4.04,-3.92,2.00,1.42,17.08,2.71,0.58,0.12,0.00,-14.00,0.00,0.00,0.00,0.00,0.00,0.00,0.00
1,0,3.00,0.00,-5.08,166.05,7.84,7.43,4.34,1.41,-7.93,-3.98,-0.34,-0.14,-16.16,-11.07,0.00,0.00,-1.00,0.00,0.00,0.00,0.00
1,0,3.00,0.00,0.00,93.86,13.38,7.82,5.14,3.25,-14.95,-5.52,-3.25,-1.68,-18.84,-7.73,1.00,-1.00,0.00,0.00,0.00,0.00,0.00
1,1,-10.00,0.00,-10.16,890.12,152.06,68.12,5.12,3.44,128.12,52.56,-1.38,-0.38,200.56,109.31,0.00,0.00,0.00,0.00,0.00,0.00,0.00
1,0,-7.00,15.00,15.24,156.72,16.72,17.54,3.21,1.08,-22.62,2.23,1.18,1.36,-19.90,5.31,-1.00,1.00,0.00,0.00,-1.00,0.00,0.00
0,0,-8.00,0.00,15.24,397.00,21.00,15.50,3.00,2.00,57.50,43.00,0.00,2.00,82.50,65.50,0.00,1.00,0.00,0.00,0.00,0.00,0.00
0,0,-5.00,0.00,17.78,40.89,-15.89,-6.78,-5.22,-0.67,-15.56,-4.44,2.44,1.11,-14.78,-5.44,0.00,0.00,-1.00,1.00,0.00,0.00,0.00
0,0,4.00,-15.00,-5.08,63.84,-13.29,-4.50,0.12,-0.08,-30.40,-8.00,-0.24,-0.58,-15.06,5.46,1.00,0.00,0.00,0.00,0.00,0.00,0.00
1,0,2.00,-75.00,-2.54,54.67,23.67,10.67,-0.67,-0.67,19.33,4.67,7.67,0.67,17.00,2.33,0.00,0.00,0.00,0.00,0.00,0.00,0.00
1,1,2.00,15.00,12.70,62.24,14.36,17.91,-3.56,-1.37,5.91,1.73,2.47,0.56,0.59,-4.21,0.00,0.00,1.00,0.00,1.00,0.00,0.00
0,1,3.00,10.00,5.08,34.02,-32.12,-7.25,-5.51,-2.69,-12.21,8.09,1.60,-0.97,13.95,33.98,-1.00,0.00,-1.00,-1.00,0.00,0.00,0.00
0,0,-1.00,-15.00,7.62,-243.32,-43.54,-6.82,-6.18,-2.61,-47.29,-13.46,2.61,2.04,-3.79,22.68,0.00,-1.00,-1.00,0.00,0.00,1.00,0.00
1,0,0.00,0.00,5.08,-349.00,-20.50,5.00,-6.00,-5.00,4.00,8.50,0.50,-2.50,-18.00,-11.50,0.00,-1.00,0.00,0.00,1.00,0.00,0.00
0,1,3.00,-20.00,-5.08,-70.25,-15.38,-4.75,-3.12,-0.38,-38.38,-17.25,1.38,-1.88,-57.12,-34.62,1.00,0.00,0.00,0.00,1.00,0.00,0.00
1,0,6.00,0.00,-2.54,633.00,59.00,23.00,0.00,0.00,42.00,21.00,1.50,4.00,66.00,39.50,-1.00,-1.00,0.00,0.00,0.00,0.00,0.00
1,0,5.00,-5.00,-2.54,259.00,7.67,4.50,0.50,0.33,37.00,19.17,1.67,0.00,45.00,26.83,0.00,0.00,0.00,1.00,0.00,0.00,0.00
0,0,1.00,0.00,2.54,233.08,-16.42,-11.25,0.28,-0.39,-10.61,-7.39,0.25,0.94,34.36,34.17,-1.00,1.00,-1.00,0.00,0.00,1.00,0.00
0,0,1.00,0.00,-5.08,70.32,22.89,17.97,-5.14,-3.06,34.94,13.20,-0.02,-0.32,34.59,10.97,0.00,0.00,1.00,0.00,0.00,0.00,0.00
0,0,6.00,0.00,-7.62,37.00,-4.28,-9.46,-0.74,-3.28,33.15,14.18,1.21,0.05,50.85,29.28,1.00,1.00,0.00,0.00,0.00,0.00,0.00
1,0,6.00,-15.00,-15.24,141.57,13.96,4.30,0.39,1.64,21.38,-3.04,-3.34,-2.57,38.20,10.80,1.00,-1.00,0.00,-1.00,0.00,0.00,0.00
1,0,5.00,0.00,0.00,-41.50,55.50,17.00,-4.00,-3.50,3.50,5.00,7.50,2.00,-17.00,-15.00,0.00,0.00,0.00,1.00,0.00,0.00,0.00
1,0,0.00,0.00,-2.54,447.24,159.90,38.50,-2.05,-1.52,88.43,33.36,8.45,1.50,85.43,31.76,0.00,0.00,1.00,-1.00,1.00,0.00,0.00
1,0,-5.00,-15.00,2.54,313.90,59.60,14.10,5.60,3.00,22.20,6.00,-2.00,-1.10,38.50,23.20,1.00,1.00,0.00,0.00,0.00,0.00,0.00
1,0,2.00,20.00,0.00,46.93,23.53,0.37,2.93,0.73,3.23,-1.43,-0.70,0.43,-2.80,-7.47,1.00,-1.00,0.00,0.00,-1.00,0.00,0.00
0,1,-5.00,-1.00,-2.54,165.20,4.73,3.00,1.00,0.47,14.53,11.33,0.07,0.00,28.87,24.40,-1.00,0.00,0.00,-1.00,0.00,0.00,0.00
0,0,-6.00,0.00,2.54,-381.23,-29.20,-4.83,-4.87,-2.88,-24.75,-15.52,1.40,-0.85,-9.93,-1.88,-1.00,1.00,1.00,0.00,0.00,0.00,0.00
1,0,3.00,20.00,-2.54,-14.11,-31.74,-17.37,-1.51,-1.16,-1.23,2.16,-2.14,-0.70,6.50,10.29,0.00,0.00,0.00,0.00,0.00,0.00,0.00
1,0,-8.00,20.00,-5.08,67.09,-20.36,-11.30,2.85,2.39,-15.42,-14.70,-2.27,-0.91,-10.94,-10.36,0.00,-1.00,0.00,-1.00,0.00,0.00,0.00
1,0,-2.00,25.00,-5.08,-57.00,-30.20,-13.20,-4.90,-1.10,-41.80,-6.70,-0.10,-0.10,-56.20,-18.90,0.00,-1.00,0.00,1.00,-1.00,0.00,0.00
0,0,1.00,-20.00,0.00,116.28,38.61,12.31,-3.03,-1.64,0.11,-2.83,1.72,0.97,-1.75,-3.83,0.00,1.00,0.00,1.00,0.00,0.00,0.00
0,0,1.00,0.00,-5.08,180.21,-22.89,-4.78,1.15,0.55,-37.88,-12.62,0.50,0.45,-10.87,13.57,0.00,0.00,0.00,0.00,0.00,0.00,0.00
1,0,2.00,-10.00,-7.62,-198.61,20.92,-6.81,0.94,0.44,-19.22,-15.89,-6.75,-1.08,-35.69,-32.03,0.00,1.00,1.00,-1.00,-1.00,0.00,0.00
1,0,7.00,0.00,-10.16,-266.83,18.83,4.50,-0.33,-0.83,-5.00,1.00,-0.17,-1.00,-28.67,-21.83,1.00,0.00,1.00,-1.00,0.00,0.00,0.00
1,0,7.00,0.00,-15.24,-436.75,-37.25,-18.75,-1.50,-0.75,-39.75,-26.75,-5.75,-1.50,-85.00,-62.50,0.00,-1.00,1.00,0.00,-1.00,0.00,0.00
1,0,-1.00,0.00,-2.54,76.61,50.31,19.26,4.00,0.76,25.94,13.21,0.10,-0.11,13.96,1.00,1.00,0.00,0.00,0.00,0.00,-1.00,0.00
1,0,-4.00,3.00,5.08,-213.73,5.45,2.39,-2.09,-1.18,-13.67,-11.24,0.15,0.06,-19.61,-17.00,1.00,0.00,0.00,0.00,0.00,0.00,0.00
0,0,2.00,0.00,-2.54,-43.87,-29.07,-14.87,-1.67,-0.93,3.07,7.13,-0.87,-0.47,29.33,33.60,1.00,1.00,0.00,1.00,1.00,0.00,0.00
0,0,14.00,0.00,5.08,-35.00,7.00,14.00,-1.00,0.00,-1.50,-6.00,-0.50,-0.50,-7.50,-11.00,0.00,0.00,1.00,-1.00,-1.00,0.00,0.00
1,0,6.00,0.00,-7.62,331.75,33.25,9.25,0.00,1.00,15.38,10.00,1.25,0.75,35.75,29.12,1.00,0.00,0.00,0.00,0.00,0.00,0.00
0,0,-5.00,15.00,17.78,-45.65,11.44,6.45,-4.77,-1.41,1.59,4.78,5.03,1.98,2.79,4.65,1.00,0.00,0.00,1.00,0.00,0.00,0.00
1,0,0.00,20.00,-2.54,60.48,11.56,-2.67,-0.24,-0.65,54.27,18.90,-0.43,0.30,60.60,22.16,0.00,-1.00,0.00,0.00,-1.00,0.00,0.00
0,0,6.00,15.00,7.62,-293.32,-40.05,-18.04,2.00,0.77,-56.75,-20.17,-6.14,-0.91,-72.90,-35.04,1.00,-1.00,0.00,0.00,0.00,0.00,0.00
0,0,4.00,-15.00,2.54,-62.10,11.55,5.20,-3.00,1.00,13.20,5.30,-0.30,-0.55,-4.90,-12.90,0.00,-1.00,-1.00,0.00,0.00,0.00,0.00
1,1,2.00,-20.00,7.62,-116.58,-27.81,2.00,-5.58,-3.10,-4.96,-0.92,1.96,-0.08,-10.42,-6.77,-1.00,1.00,1.00,0.00,1.00,0.00,0.00
1,1,-3.00,0.00,2.54,363.25,14.75,17.00,2.00,2.00,4.50,3.00,0.50,0.00,13.00,11.00,0.00,-1.00,0.00,-1.00,0.00,0.00,0.00
1,0,1.00,-20.00,-5.08,-228.80,-18.10,-6.80,-0.10,-0.20,-37.50,-9.50,1.90,-0.50,-52.80,-24.60,1.00,0.00,0.00,0.00,0.00,0.00,0.00
1,0,-5.00,34.00,15.24,-315.70,-26.25,-10.84,0.99,0.46,-40.00,-11.16,-2.07,0.03,-30.92,-2.76,0.00,1.00,-1.00,-1.00,0.00,0.00,0.00
0,0,7.00,0.00,2.54,-159.00,-31.00,-11.50,-4.50,-2.25,-31.25,-2.75,6.50,1.50,-25.00,0.25,-1.00,1.00,0.00,1.00,0.00,0.00,0.00
0,0,0.00,0.00,0.00,101.79,-30.48,-14.16,7.33,1.24,-20.18,-5.26,-0.44,0.17,-3.32,10.95,-1.00,1.00,0.00,0.00,1.00,0.00,0.00
1,0,9.00,0.00,-7.62,274.82,13.02,4.02,5.89,2.34,30.61,20.73,-2.66,-0.09,38.95,31.43,0.00,0.00,0.00,0.00,0.00,0.00,0.00
0,0,4.00,0.00,-10.16,642.75,79.75,28.75,3.25,2.00,61.25,16.25,0.50,-0.25,87.75,41.50,1.00,-1.00,-1.00,0.00,0.00,0.00,0.00
0,0,3.00,-10.00,10.16,-150.07,-8.75,1.70,0.16,-1.25,-36.41,-5.59,0.84,0.70,-43.30,-10.34,-1.00,1.00,1.00,0.00,0.00,0.00,0.00
1,1,-3.00,-10.00,-5.08,17.76,37.47,7.23,6.31,2.39,25.65,-3.47,-2.58,0.71,0.07,-28.68,1.00,0.00,1.00,1.00,0.00,0.00,0.00
0,0,2.00,0.00,12.70,-232.67,-42.00,-21.00,-10.00,-4.00,-3.33,9.67,-0.33,-1.67,-26.00,-8.00,-1.00,0.00,0.00,1.00,1.00,0.00,0.00
1,1,7.00,0.00,-2.54,-213.17,-24.54,2.54,-4.62,-1.42,-27.75,-15.67,0.71,-0.08,-26.58,-15.04,0.00,0.00,0.00,0.00,1.00,0.00,0.00
1,0,-8.00,-10.00,2.54,-162.60,-3.70,9.60,-0.60,1.00,-30.40,-22.20,2.60,1.50,-45.50,-39.20,0.00,1.00,1.00,0.00,0.00,0.00,0.00
1,0,1.00,0.00,12.70,-186.88,-6.55,3.76,-5.52,0.20,-21.77,-13.07,-1.66,-0.95,-42.91,-33.29,1.00,-1.00,0.00,-1.00,-1.00,0.00,0.00
1,0,3.00,-25.00,-15.24,49.10,4.67,1.67,-1.23,0.10,24.97,6.60,-2.87,-0.97,27.80,8.57,0.00,0.00,0.00,-1.00,0.00,1.00,0.00
1,0,2.00,-20.00,2.54,112.19,45.00,27.17,0.90,0.79,-2.19,-0.05,1.31,-0.14,-15.19,-11.76,0.00,0.00,0.00,1.00,1.00,0.00,0.00
1,1,1.00,-20.00,-2.54,22.61,8.50,21.94,-4.50,-2.17,-39.28,-13.89,2.72,-0.17,-36.06,-10.44,0.00,1.00,1.00,0.00,1.00,0.00,0.00
1,0,-4.00,35.00,20.32,-285.48,-10.70,-0.05,-2.42,-1.20,-48.65,-10.28,-2.50,-0.93,-65.62,-26.35,1.00,0.00,1.00,0.00,0.00,0.00,0.00
1,0,-3.00,20.00,-7.62,171.60,-35.62,-6.24,0.53,0.07,18.29,5.93,-0.44,-0.29,33.62,17.38,0.00,-1.00,1.00,-1.00,0.00,0.00,0.00
1,0,5.00,23.00,10.16,-325.62,-11.25,-4.75,-1.62,-0.88,-24.62,-14.50,-1.62,-0.38,-31.25,-20.88,1.00,0.00,0.00,0.00,0.00,0.00,0.00
1,0,4.00,0.00,-2.54,-239.90,-36.10,-20.00,-1.80,-0.90,-2.40,-3.10,-0.40,0.10,18.40,14.80,0.00,-1.00,-1.00,0.00,0.00,0.00,0.00
1,0,1.00,25.00,5.08,108.00,31.50,9.23,2.70,-0.18,-6.40,-3.74,0.64,0.38,6.71,8.36,1.00,0.00,0.00,0.00,0.00,-1.00,0.00
1,0,0.00,-35.00,-5.08,-176.33,-11.92,-1.83,-3.67,-1.83,-2.17,-1.00,-1.92,-1.08,6.17,7.17,-1.00,1.00,0.00,0.00,0.00,0.00,0.00
1,0,1.00,0.00,5.08,-680.00,-46.00,-37.67,-5.67,-2.67,-20.33,-12.33,-0.67,-0.33,-36.33,-28.00,-1.00,1.00,0.00,0.00,1.00,0.00,0.00
1,1,3.00,-15.00,-5.08,66.87,-24.10,1.00,-3.05,-0.10,3.05,7.62,2.18,-0.10,16.98,22.20,-1.00,0.00,0.00,0.00,0.00,0.00,0.00
1,0,14.00,-25.00,-2.54,245.65,0.65,3.00,3.65,1.95,-13.45,-6.20,-0.70,-0.20,-12.35,-5.35,0.00,-1.00,-1.00,0.00,0.00,0.00,0.00
1,0,-2.00,0.00,-5.08,-189.11,32.33,9.17,-3.83,-2.89,20.06,4.67,4.33,1.89,27.22,9.83,0.00,0.00,0.00,0.00,0.00,-1.00,0.00
1,1,4.00,-20.00,-5.08,37.38,-1.24,7.05,-3.14,-0.71,-45.10,-26.14,0.43,-2.62,-71.48,-50.86,1.00,0.00,0.00,0.00,1.00,0.00,0.00
1,0,-2.00,0.00,-2.54,-265.85,-77.87,-34.43,-0.41,-0.25,-23.62,-3.56,-1.45,-0.23,-11.70,7.96,0.00,0.00,-1.00,0.00,-1.00,0.00,0.00
1,0,-1.00,25.00,-2.54,152.33,10.78,14.33,0.11,-0.22,22.33,10.78,0.22,0.44,38.56,26.22,0.00,0.00,0.00,0.00,0.00,0.00,0.00
1,0,-9.00,0.00,-10.16,-464.00,-44.40,-12.20,-4.00,-0.40,-85.40,-31.40,0.00,0.40,-98.20,-44.20,0.00,-1.00,0.00,0.00,-1.00,0.00,0.00
1,1,-3.00,10.00,-10.16,205.37,10.47,11.03,-0.95,-0.30,22.30,12.62,0.76,0.23,46.07,35.65,0.00,0.00,-1.00,0.00,0.00,0.00,0.00
1,0,3.00,0.00,7.62,593.60,40.30,25.40,5.40,2.90,13.40,14.80,3.20,1.40,27.70,28.20,1.00,-1.00,0.00,0.00,0.00,-1.00,0.00
1,1,1.00,1.00,5.08,260.18,17.10,19.21,1.74,1.74,-8.59,-6.36,0.62,0.03,-11.87,-9.00,1.00,-1.00,0.00,0.00,0.00,0.00,0.00
1,0,-1.00,15.00,5.08,282.58,39.42,21.24,-0.78,0.93,25.09,6.49,2.40,0.24,26.13,7.38,0.00,0.00,0.00,0.00,1.00,0.00,0.00
1,0,-13.00,35.00,5.08,-78.82,21.37,-2.68,0.70,-0.58,80.04,23.65,-1.25,-0.30,83.63,26.11,0.00,1.00,0.00,1.00,0.00,1.00,0.00
1,1,-5.00,0.00,7.62,-292.08,-9.00,3.08,-8.04,-3.46,-9.54,-4.92,2.54,0.29,-20.75,-16.33,-1.00,1.00,0.00,-1.00,0.00,0.00,0.00
1,0,-1.00,20.00,-5.08,20.39,-56.50,-28.57,-0.04,-0.14,-21.43,-3.61,-0.50,0.50,5.36,20.32,-1.00,0.00,1.00,-1.00,0.00,0.00,0.00
1,0,-4.00,-20.00,0.00,137.30,30.35,26.95,-3.45,-1.05,-6.15,-7.75,3.95,0.70,-25.30,-26.40,0.00,1.00,1.00,0.00,1.00,0.00,0.00
1,0,-12.00,0.00,12.70,13.51,-4.10,-4.36,-1.77,-0.72,-8.51,3.68,3.44,0.96,-7.60,4.60,0.00,0.00,0.00,1.00,0.00,0.00,0.00
1,0,-1.00,0.00,5.08,-12.56,4.17,0.06,1.44,-0.72,-45.94,-7.22,-0.89,0.33,-61.72,-24.22,1.00,0.00,0.00,-1.00,0.00,0.00,0.00
1,0,-3.00,0.00,10.16,-62.58,15.42,1.50,4.08,-0.08,22.92,15.17,-4.33,-0.67,6.58,-0.50,0.00,0.00,1.00,0.00,-1.00,0.00,0.00
1,0,0.00,1.00,2.54,394.00,48.90,11.30,1.60,-0.20,20.20,4.90,1.20,1.10,6.90,-9.20,0.00,0.00,0.00,0.00,0.00,1.00,0.00
1,0,8.00,-10.00,7.62,311.58,27.96,14.38,0.29,-0.29,25.62,12.04,3.38,1.38,43.50,28.04,0.00,0.00,1.00,-1.00,0.00,0.00,0.00
1,0,-1.00,10.00,0.00,-78.50,-14.50,-3.50,-0.50,0.50,-12.00,-3.50,0.50,0.50,-12.00,-3.50,1.00,-1.00,-1.00,0.00,0.00,0.00,0.00
1,0,2.00,10.00,5.08,-282.33,-42.33,-26.33,-7.67,-4.00,-41.00,-10.33,-2.67,-0.33,2.00,26.33,0.00,-1.00,-1.00,-1.00,0.00,0.00,0.00
1,1,4.00,10.00,0.00,94.97,7.91,7.88,-0.95,-0.52,-6.61,1.53,3.38,0.71,5.05,14.29,0.00,0.00,0.00,0.00,0.00,-1.00,0.00
1,0,2.00,-11.00,2.54,421.40,42.00,8.40,-0.20,-1.40,47.00,9.80,-2.40,-0.60,42.20,3.00,1.00,0.00,1.00,-1.00,0.00,1.00,0.00
1,0,0.00,0.00,-10.16,-89.20,-2.00,-1.40,0.40,-0.40,55.80,9.00,-2.80,-1.20,80.00,34.00,0.00,0.00,-1.00,1.00,0.00,0.00,0.00
1,1,0.00,-25.00,-7.62,269.58,14.17,10.67,4.92,3.92,56.75,4.58,-2.75,-0.75,60.92,9.33,0.00,0.00,0.00,0.00,-1.00,1.00,0.00
1,1,-14.00,60.00,15.24,-265.56,-18.61,-4.44,-1.22,0.33,-27.50,-10.39,-1.44,-0.56,-25.06,-8.39,0.00,0.00,0.00,0.00,0.00,0.00,0.00
1,0,6.00,0.00,10.16,-22.12,10.27,5.77,0.20,-0.07,-12.42,-4.45,2.00,0.05,-13.60,-5.20,0.00,0.00,1.00,0.00,0.00,-1.00,0.00
1,0,-5.00,-15.00,0.00,108.00,-44.50,-19.00,4.50,1.67,-27.67,-8.00,-0.17,-0.17,-10.67,8.67,0.00,0.00,-1.00,0.00,0.00,0.00,0.00
1,1,5.00,15.00,15.24,-328.96,-15.91,0.96,-0.71,-0.11,-22.07,-10.86,-2.16,-0.39,-58.54,-45.45,-1.00,0.00,0.00,-1.00,1.00,-1.00,0.00
1,1,-3.00,24.00,5.08,-577.00,-79.33,-32.17,-6.00,-2.08,-107.33,-28.00,0.42,0.33,-116.25,-36.83,-1.00,0.00,0.00,-1.00,0.00,-1.00,0.00
1,0,-2.00,0.00,-2.54,379.90,30.80,25.55,1.05,0.50,61.00,21.00,0.50,-0.45,60.80,18.20,1.00,-1.00,0.00,0.00,0.00,0.00,0.00
1,0,-1.00,0.00,-7.62,319.53,-11.47,-0.72,1.92,1.53,-19.06,-3.50,5.31,3.92,14.39,25.72,-1.00,0.00,0.00,0.00,-1.00,0.00,0.00
1,0,-7.00,-10.00,-7.62,-84.62,23.50,17.38,2.75,2.25,-8.88,-10.12,-0.75,-1.00,-51.75,-49.25,1.00,0.00,1.00,0.00,0.00,0.00,0.00
1,0,1.00,-45.00,0.00,145.55,63.57,18.48,-0.61,-0.30,33.62,4.29,0.77,0.16,13.04,-15.43,0.00,0.00,-1.00,1.00,0.00,0.00,0.00
1,0,3.00,15.00,5.08,293.61,-9.04,-5.75,2.54,1.96,-15.04,-2.11,0.86,0.32,4.43,16.64,-1.00,1.00,-1.00,0.00,1.00,0.00,0.00
1,0,-2.00,0.00,7.62,-45.20,-120.53,-28.47,0.13,0.00,-72.00,-21.20,-4.07,2.00,16.33,48.40,0.00,-1.00,-1.00,0.00,-1.00,1.00,0.00
1,0,2.00,-20.00,-2.54,15.18,21.60,8.98,-3.95,-2.08,-30.37,-6.50,1.67,0.58,-35.23,-11.52,-1.00,1.00,1.00,1.00,1.00,0.00,0.00
1,0,-5.00,12.00,7.62,195.33,-7.00,-5.67,4.67,2.00,-13.33,4.00,0.67,0.00,-6.00,11.33,0.00,1.00,-1.00,0.00,0.00,0.00,0.00
1,0,-3.00,0.00,-2.54,204.67,37.83,17.50,-5.67,0.50,20.17,4.17,3.67,0.67,46.00,30.00,-1.00,0.00,0.00,0.00,1.00,-1.00,0.00
1,0,3.00,0.00,15.24,263.83,22.25,18.25,2.92,3.33,-35.08,-8.58,-0.83,-1.25,-91.75,-63.17,1.00,-1.00,0.00,-1.00,0.00,0.00,0.00
1,0,1.00,0.00,12.70,-100.98,-2.06,2.84,3.01,1.70,-20.72,-10.20,-4.13,-1.79,-33.57,-21.44,0.00,0.00,0.00,-1.00,0.00,0.00,0.00
1,0,2.00,0.00,15.24,-263.00,-33.00,0.50,-1.00,0.00,-19.50,6.00,-1.00,0.00,-30.00,-4.00,1.00,0.00,-1.00,0.00,0.00,-1.00,0.00
1,1,13.00,-60.00,-12.70,201.81,-54.67,-13.09,3.96,2.27,-27.86,-2.98,-0.64,0.53,-19.11,6.74,0.00,-1.00,0.00,-1.00,-1.00,0.00,0.00
1,1,-1.00,0.00,5.08,-347.05,-75.20,-28.15,-1.05,-0.75,-22.90,-9.10,-0.45,0.40,-26.55,-12.80,0.00,0.00,0.00,-1.00,0.00,0.00,0.00
1,0,1.00,35.00,10.16,402.16,79.20,27.68,-0.16,0.09,54.34,17.30,1.91,0.23,60.34,21.84,0.00,0.00,-1.00,1.00,1.00,0.00,0.00
1,0,4.00,0.00,10.16,24.81,-14.55,4.19,-0.74,1.14,-27.00,-5.36,0.05,-0.88,-46.48,-23.57,0.00,-1.00,0.00,0.00,0.00,0.00,0.00
1,0,0.00,20.00,0.00,205.17,-25.25,-11.58,4.92,3.08,19.50,-0.08,-1.67,-1.08,22.17,4.33,1.00,-1.00,-1.00,0.00,0.00,0.00,0.00
1,1,4.00,0.00,7.62,-548.83,-50.42,-16.75,-3.00,-2.75,-36.08,-11.42,-3.83,0.50,-58.83,-33.42,0.00,0.00,1.00,0.00,0.00,0.00,0.00
1,0,3.00,-15.00,-20.32,144.93,-0.13,-1.53,0.53,-0.27,23.73,7.47,-1.87,-0.40,77.07,56.87,0.00,0.00,1.00,0.00,0.00,1.00,0.00
0,0,-5.00,0.00,2.54,35.60,4.12,-3.06,1.31,2.27,21.55,-0.08,0.64,0.33,4.80,-16.09,0.00,0.00,0.00,0.00,0.00,0.00,0.00
1,1,16.00,-37.00,-2.54,340.29,19.32,17.79,0.66,0.90,18.84,9.18,0.97,0.59,27.94,17.69,1.00,-1.00,0.00,-1.00,0.00,0.00,0.00
1,1,1.00,0.00,-10.16,135.57,0.29,2.00,3.14,1.29,-10.57,1.43,-2.29,-1.00,-7.43,6.86,1.00,-1.00,0.00,0.00,0.00,0.00,0.00
1,0,-4.00,10.00,0.00,-127.00,-22.12,1.35,1.88,1.20,-1.90,-0.95,-3.50,-0.18,-0.40,1.50,-1.00,0.00,-1.00,-1.00,0.00,0.00,0.00
1,0,-2.00,-20.00,-2.54,-69.67,11.33,6.67,-2.00,-1.00,-21.00,-8.67,1.33,1.00,-25.00,-13.00,-1.00,1.00,1.00,0.00,0.00,0.00,0.00
1,0,10.00,-30.00,-22.86,146.20,-29.40,-7.97,2.26,1.71,-11.34,1.51,-2.66,-0.83,-9.06,6.03,1.00,-1.00,0.00,0.00,0.00,0.00,0.00
1,1,3.00,25.00,7.62,27.44,45.92,21.67,-0.08,0.03,8.70,5.52,-0.63,-0.22,6.13,2.95,1.00,0.00,-1.00,1.00,1.00,-1.00,0.00
1,0,-11.00,0.00,5.08,197.09,33.54,21.36,3.99,2.20,18.50,7.25,0.45,0.33,11.61,-0.23,1.00,0.00,0.00,0.00,-1.00,0.00,0.00
1,0,8.00,-10.00,10.16,-574.00,-152.33,-45.33,3.33,1.33,-114.00,-39.67,-8.33,-3.67,-133.67,-59.67,0.00,0.00,0.00,0.00,-1.00,0.00,0.00
1,1,3.00,25.00,7.62,21.62,40.62,19.02,-0.08,0.02,7.00,4.70,-0.60,-0.20,4.90,2.47,1.00,0.00,-1.00,1.00,1.00,-1.00,0.00
1,0,3.00,0.00,10.16,856.00,42.00,19.50,6.50,4.50,15.00,12.50,4.00,1.00,20.00,17.50,0.00,0.00,0.00,0.00,0.00,0.00,0.00
1,0,2.00,-34.00,-7.62,-14.44,7.44,2.78,-2.11,-1.11,-4.89,-7.44,0.56,0.33,-18.22,-19.00,1.00,0.00,1.00,0.00,0.00,0.00,0.00
1,1,0.00,0.00,0.00,206.62,7.46,1.67,10.33,1.96,0.38,1.12,-0.58,-0.96,5.38,6.08,-1.00,1.00,0.00,0.00,1.00,0.00,0.00
1,1,-1.00,0.00,5.08,-545.86,-86.14,-33.57,-1.29,-1.14,-28.00,-10.71,-1.29,-0.57,-36.43,-18.43,0.00,0.00,0.00,-1.00,0.00,0.00,0.00
1,1,3.00,10.00,-17.78,498.33,25.50,5.75,5.50,1.58,36.83,18.50,1.50,1.25,65.08,46.83,1.00,-1.00,-1.00,1.00,0.00,0.00,0.00
1,0,-4.00,15.00,-2.54,666.00,41.50,0.50,0.00,-1.00,33.00,7.50,7.50,4.50,75.00,46.50,0.00,0.00,0.00,1.00,0.00,1.00,0.00
1,1,-5.00,18.00,15.24,-195.61,54.94,26.00,-5.56,-1.06,16.94,-4.33,-0.67,-0.50,-1.89,-21.89,0.00,0.00,0.00,0.00,1.00,0.00,0.00
1,0,-11.00,0.00,5.08,191.16,32.28,20.87,3.94,2.13,17.09,6.17,0.22,0.24,10.55,-0.87,1.00,0.00,0.00,0.00,-1.00,0.00,0.00
1,1,5.00,15.00,7.62,-137.58,-14.11,-8.04,1.40,0.78,-32.73,-14.33,-4.02,-1.44,-38.82,-20.40,1.00,-1.00,0.00,0.00,0.00,0.00,0.00
1,1,-4.00,0.00,2.54,7.50,13.25,4.92,-1.25,-0.25,-4.17,-0.67,0.00,-0.08,-4.58,-0.50,-1.00,0.00,1.00,1.00,1.00,0.00,0.00
1,0,-11.00,-20.00,7.62,-143.67,29.08,21.50,-0.08,0.42,-1.58,1.00,-0.33,0.08,-39.00,-35.75,0.00,1.00,1.00,1.00,0.00,0.00,0.00
1,1,-2.00,-25.00,-7.62,146.83,-27.17,-19.67,0.08,-0.08,6.25,0.42,1.75,0.33,11.17,5.33,-1.00,0.00,1.00,-1.00,-1.00,1.00,0.00
1,0,3.00,20.00,0.00,412.47,34.93,19.80,3.34,2.11,10.97,1.60,0.97,0.34,41.40,31.10,1.00,-1.00,0.00,-1.00,0.00,0.00,0.00
1,0,1.00,-15.00,-10.16,-183.30,-12.10,1.70,0.60,0.60,-37.00,-8.90,-3.00,-1.80,-55.10,-24.60,1.00,0.00,0.00,-1.00,0.00,0.00,0.00
1,1,-2.00,0.00,7.62,370.00,53.00,23.47,0.60,0.60,10.33,5.40,1.60,0.60,18.93,13.53,0.00,0.00,0.00,1.00,1.00,0.00,0.00
1,0,-2.00,15.00,5.08,191.20,-38.40,-11.40,10.00,3.60,-24.00,-16.80,-1.60,-0.60,23.80,27.60,-1.00,1.00,-1.00,1.00,0.00,0.00,0.00
1,1,-14.00,-20.00,-2.54,-612.30,-37.88,-25.90,-3.73,-2.07,-22.40,-8.35,-1.20,-0.69,-35.19,-20.89,-1.00,1.00,0.00,1.00,0.00,0.00,0.00
1,0,-4.00,0.00,0.00,-518.00,-20.00,-9.00,-5.50,-1.00,-69.00,-30.50,-5.50,-2.50,-109.50,-64.50,1.00,0.00,1.00,-1.00,0.00,0.00,0.00
1,1,-5.00,-15.00,-7.62,50.25,2.13,2.10,-1.49,-1.27,26.86,12.81,4.22,1.27,27.92,13.86,-1.00,1.00,0.00,0.00,0.00,0.00,0.00
1,1,-3.00,-1.00,-2.54,-40.67,-78.50,-45.83,2.50,1.00,-20.33,-4.17,-0.83,0.17,-2.83,11.33,-1.00,0.00,0.00,-1.00,-1.00,0.00,0.00
1,0,11.00,15.00,0.00,-138.37,-25.17,0.37,-0.10,-0.80,-41.13,-15.47,-0.90,-0.10,-42.73,-17.50,0.00,1.00,-1.00,0.00,0.00,0.00,0.00
1,1,14.00,20.00,2.54,566.58,35.31,24.00,3.44,1.92,20.89,7.92,1.11,0.64,32.83,19.61,1.00,-1.00,0.00,-1.00,0.00,0.00,0.00
1,1,0.00,15.00,15.24,1.71,29.14,18.43,-3.00,-0.29,-6.86,-1.14,0.14,0.00,-8.14,-2.71,0.00,0.00,0.00,-1.00,0.00,0.00,0.00
0,1,-3.00,0.00,0.00,-121.63,-0.23,3.10,-4.50,0.23,-11.40,-7.67,3.07,0.00,-14.33,-9.47,-1.00,1.00,0.00,0.00,-1.00,-1.00,0.00
1,1,12.00,0.00,2.54,146.35,-3.26,1.55,-0.27,-0.79,20.57,11.00,0.18,0.61,-4.63,-13.26,0.00,0.00,0.00,0.00,0.00,0.00,0.00
1,0,-8.00,0.00,15.24,-159.00,57.00,26.00,2.75,2.25,43.00,18.00,-0.25,-1.50,-3.25,-25.75,0.00,0.00,1.00,-1.00,0.00,0.00,0.00
1,0,-8.00,35.00,7.62,-507.25,1.00,-4.75,-7.25,-2.50,5.50,-4.75,-2.00,-0.75,-57.25,-66.75,-1.00,1.00,1.00,0.00,0.00,0.00,0.00
1,0,1.00,0.00,2.54,80.17,3.33,-2.33,4.00,-0.33,40.67,3.67,4.33,2.33,71.00,24.50,-1.00,1.00,0.00,1.00,-1.00,-1.00,0.00
1,1,-14.00,45.00,7.62,-246.89,-3.07,-8.96,-2.86,-0.86,2.07,-0.14,1.18,0.32,-1.21,-4.00,0.00,1.00,1.00,0.00,0.00,0.00,0.00
1,1,4.00,-10.00,0.00,672.67,62.33,19.67,-0.67,-0.50,47.00,19.33,8.83,0.83,55.50,26.33,1.00,0.00,1.00,1.00,0.00,0.00,0.00
1,1,-11.00,0.00,5.08,44.60,23.00,15.70,3.00,2.40,5.20,3.80,0.10,0.10,-3.80,-5.80,1.00,0.00,0.00,0.00,-1.00,0.00,0.00
1,0,-5.00,-15.00,5.08,-161.73,22.33,17.20,-6.53,0.00,7.80,0.60,1.20,0.33,8.53,2.20,0.00,0.00,0.00,-1.00,-1.00,0.00,0.00
1,1,-4.00,20.00,0.00,312.62,6.52,-5.62,3.43,2.43,4.00,3.71,-0.05,-0.33,39.10,40.67,0.00,-1.00,0.00,0.00,0.00,0.00,0.00
1,0,-4.00,0.00,0.00,-574.50,-39.00,-15.00,-13.00,-1.50,-66.00,-26.00,1.00,0.50,-77.50,-37.00,-1.00,1.00,0.00,0.00,-1.00,-1.00,0.00
1,1,-4.00,0.00,0.00,-382.67,12.67,3.78,0.67,-0.11,12.00,5.33,-1.78,0.00,-26.11,-31.78,0.00,0.00,0.00,0.00,0.00,-1.00,0.00
1,1,2.00,0.00,0.00,451.50,30.00,8.80,4.60,3.60,10.00,2.90,-0.80,0.00,49.60,41.70,1.00,-1.00,-1.00,0.00,0.00,0.00,0.00
